POS,player_name,team,RUNS,MAT,INNS,NO,HS,AVG,BF,SR,100,50,4S,6S,season,status
1,Shaun Marsh,PBKS,616,11,11,2,115,68.44,441,139.68,1,5,59,26,2008,out
2,Gautam Gambhir,DC,534,14,14,1,86,41.07,379,140.89,0,5,68,8,2008,out
3,Sanath Jayasuriya,MI,518,14,14,2,114,43.16,309,167.63,1,2,58,31,2008,Not_out
4,Shane Watson,RR,472,15,15,5,76,47.2,311,151.76,0,4,47,19,2008,Not_out
5,Graeme Smith,RR,441,11,11,2,91,49.0,362,121.82,0,3,54,8,2008,out
6,Adam Gilchrist,PBKS,436,14,14,1,109,33.53,318,137.1,1,3,51,19,2008,Not_out
7,Yusuf Pathan,RR,435,16,15,1,68,31.07,243,179.01,0,4,43,25,2008,out
8,Suresh Raina,CSK,421,16,14,3,55,38.27,296,142.22,0,3,35,18,2008,Not_out
9,MS Dhoni,CSK,414,16,14,4,65,41.4,310,133.54,0,2,38,15,2008,out
10,Virender Sehwag,DC,406,14,14,2,94,33.83,220,184.54,0,3,46,21,2008,Not_out
11,Rohit Sharma,DEC,404,13,12,1,76,36.72,273,147.98,0,4,38,19,2008,Not_out
12,Rahul Dravid,RCB,371,14,14,1,75,28.53,298,124.49,0,2,35,11,2008,Not_out
13,Sourav Ganguly,KKR,349,13,13,1,91,29.08,307,113.68,0,3,33,15,2008,out
14,Shikhar Dhawan,DC,340,14,14,5,68,37.77,295,115.25,0,4,35,8,2008,Not_out
15,Kumar Sangakkara,PBKS,320,10,9,0,94,35.55,198,161.61,0,4,41,8,2008,out
16,Robin Uthappa,MI,320,14,14,5,48,35.55,279,114.69,0,0,34,9,2008,out
17,David Hussey,KKR,319,13,13,2,71,29.0,259,123.16,0,2,19,17,2008,out
18,Swapnil Asnodkar,RR,311,9,9,0,60,34.55,233,133.47,0,2,43,6,2008,out
19,Parthiv Patel,CSK,302,13,13,2,54,27.45,297,101.68,0,2,42,3,2008,out
20,Yuvraj Singh,PBKS,299,15,14,1,57,23.0,184,162.5,0,1,24,19,2008,out
21,Venugopal Rao,DEC,288,11,10,2,71,36.0,210,137.14,0,2,22,15,2008,Not_out
22,Albie Morkel,CSK,241,13,10,3,71,34.42,163,147.85,0,1,18,14,2008,out
23,Mark Boucher,RCB,225,10,10,3,50,32.14,177,127.11,0,1,24,6,2008,Not_out
24,James Hopes,PBKS,221,11,11,0,71,20.09,148,149.32,0,2,27,8,2008,out
25,Abhishek Nayar,MI,206,14,10,2,45,25.75,138,149.27,0,0,16,9,2008,Not_out
26,Jacques Kallis,RCB,199,11,11,0,54,18.09,183,108.74,0,1,23,4,2008,out
27,Stephen Fleming,CSK,196,10,10,1,45,21.77,164,119.51,0,0,27,3,2008,out
28,Salman Butt,KKR,193,7,7,0,73,27.57,161,119.87,0,1,30,2,2008,out
29,Subramaniam Badrinath,CSK,192,16,11,5,64,32.0,130,147.69,0,2,21,8,2008,out
30,Matthew Hayden,CSK,189,4,4,1,81,63.0,131,144.27,0,2,24,6,2008,out
31,Brendon McCullum,KKR,188,4,4,1,158,62.66,92,204.34,1,0,13,15,2008,Not_out
32,Sachin Tendulkar,MI,188,7,7,1,65,31.33,177,106.21,0,1,26,2,2008,out
33,Mahela Jayawardena,PBKS,179,13,12,5,45,25.57,131,136.64,0,0,15,7,2008,Not_out
34,Dwayne Bravo,MI,178,9,7,1,64,29.66,134,132.83,0,1,19,5,2008,Not_out
35,Mohammad Kaif,RR,176,16,14,3,34,16.0,171,102.92,0,0,14,6,2008,Not_out
36,Michael Hussey,CSK,168,4,3,1,116,84.0,100,168.0,1,0,12,11,2008,Not_out
37,Herschelle Gibbs,DEC,167,9,9,0,47,18.55,153,109.15,0,0,17,8,2008,out
38,Virat Kohli,RCB,165,13,12,1,38,15.0,157,105.09,0,0,18,4,2008,out
39,Laxmi Ratan Shukla,KKR,163,13,12,4,42,20.37,122,133.6,0,0,17,5,2008,out
40,Andrew Symonds,DEC,161,4,3,1,117,80.5,105,153.33,1,0,15,9,2008,Not_out
41,Wriddhiman Saha,KKR,159,12,10,5,59,31.8,119,133.61,0,1,12,7,2008,Not_out
42,VVS Laxman,DEC,155,6,6,1,52,31.0,132,117.42,0,1,22,1,2008,out
43,Luke Pomersbach,PBKS,152,5,5,4,79,152.0,99,153.53,0,1,13,9,2008,Not_out
44,Ross Taylor,RCB,149,4,4,0,53,37.25,81,183.95,0,1,13,10,2008,out
45,Shaun Pollock,MI,147,13,8,0,33,18.37,111,132.43,0,0,12,8,2008,out
46,Vidyut Sivaramakrishnan,CSK,145,9,8,0,54,18.12,109,133.02,0,1,21,3,2008,out
47,Dinesh Karthik,DC,145,13,8,2,56,24.16,107,135.51,0,1,13,4,2008,Not_out
48,Ravindra Jadeja,RR,135,14,9,2,36,19.28,103,131.06,0,0,11,6,2008,Not_out
49,Irfan Pathan,PBKS,131,14,10,4,40,21.83,116,112.93,0,0,9,6,2008,out
50,Kamran Akmal,RR,128,6,6,1,53,25.6,78,164.1,0,1,13,8,2008,Not_out
51,MF Maharoof,DC,125,10,8,2,39,20.83,79,158.22,0,0,10,7,2008,out
52,Misbah-ul-Haq,RCB,117,8,8,1,47,16.71,81,144.44,0,0,10,6,2008,Not_out
53,Wasim Jaffer,RCB,115,6,6,0,50,19.16,104,110.57,0,1,12,3,2008,out
54,Cameron White,RCB,114,8,8,1,31,16.28,102,111.76,0,0,8,4,2008,Not_out
55,Scott Styris,DEC,112,8,8,2,36,18.66,123,91.05,0,0,9,2,2008,Not_out
56,Praveen Kumar,RCB,112,13,12,2,34,11.2,98,114.28,0,0,10,6,2008,out
57,Dwaraka Ravi Teja,DEC,109,7,6,0,40,18.16,82,132.92,0,0,10,5,2008,out
58,Tillakaratne Dilshan,DC,104,7,7,1,33,17.33,79,131.64,0,0,14,3,2008,out
59,Manoj Tiwary,DC,104,9,7,3,39,26.0,85,122.35,0,0,16,0,2008,out
60,Niraj Patel,RR,103,5,4,2,57,51.5,81,127.16,0,1,13,1,2008,out
61,Debabrata Das,KKR,103,6,6,0,31,17.16,94,109.57,0,0,9,5,2008,out
62,Simon Katich,PBKS,96,2,2,1,75,96.0,69,139.13,0,1,11,2,2008,out
63,AB de Villiers,DC,95,6,6,1,26,19.0,98,96.93,0,0,5,1,2008,Not_out
64,Piyush Chawla,PBKS,90,15,7,3,24,22.5,59,152.54,0,0,10,3,2008,Not_out
65,Shreevats Goswami,RCB,82,4,3,0,52,27.33,85,96.47,0,1,9,1,2008,out
66,Shahid Afridi,DEC,81,10,9,1,33,10.12,46,176.08,0,0,7,6,2008,out
67,Karan Goel,PBKS,76,7,6,0,26,12.66,78,97.43,0,0,7,4,2008,out
68,Ramnaresh Sarwan,PBKS,73,4,4,0,31,18.25,75,97.33,0,0,6,1,2008,out
69,Shane Warne,RR,70,15,7,2,22,14.0,59,118.64,0,0,7,2,2008,Not_out
70,Ajit Agarkar,KKR,54,9,6,1,20,10.8,46,117.39,0,0,5,2,2008,out
71,Shoaib Malik,DC,52,7,5,1,24,13.0,47,110.63,0,0,5,0,2008,out
72,Arjun Yadav,DEC,49,8,6,1,16,9.8,39,125.64,0,0,5,2,2008,out
73,Sanjay Bangar,DEC,47,11,7,1,17,7.83,49,95.91,0,0,1,3,2008,Not_out
74,Balachandra Akhil,RCB,46,7,7,4,27,15.33,31,148.38,0,0,4,3,2008,Not_out
75,Dwayne Smith,MI,45,4,3,0,20,15.0,40,112.5,0,0,5,1,2008,out
76,Aakash Chopra,KKR,42,5,5,0,24,8.4,52,80.76,0,0,5,0,2008,out
77,LPC Silva,DEC,40,3,3,1,23,20.0,26,153.84,0,0,5,1,2008,Not_out
78,Ricky Ponting,KKR,39,4,4,0,20,9.75,53,73.58,0,0,2,1,2008,out
79,Dominic Thornely,MI,39,6,4,2,30,19.5,53,73.58,0,0,2,2,2008,out
80,Umar Gul,KKR,39,6,4,1,24,13.0,19,205.26,0,0,1,5,2008,out
81,Amit Mishra,DC,37,6,3,0,31,12.33,42,88.09,0,0,3,0,2008,out
82,Sohail Tanvir,RR,36,11,5,2,13,12.0,29,124.13,0,0,3,1,2008,out
83,Manpreet Gony,CSK,35,16,5,4,15,35.0,23,152.17,0,0,2,3,2008,Not_out
84,Luke Ronchi,MI,34,4,4,0,13,8.5,32,106.25,0,0,6,1,2008,out
85,Pinal Shah,MI,34,5,4,0,19,8.5,35,97.14,0,0,4,0,2008,out
86,Rajat Bhatia,DC,34,9,3,1,17,17.0,28,121.42,0,0,2,2,2008,out
87,Mahesh Rawat,RR,34,11,7,3,23,8.5,39,87.17,0,0,3,1,2008,Not_out
88,Zaheer Khan,RCB,34,11,8,4,17,8.5,43,79.06,0,0,4,0,2008,Not_out
89,Dinesh Salunkhe,RR,33,6,3,1,26,16.5,24,137.5,0,0,5,0,2008,Not_out
90,Tatenda Taibu,KKR,31,3,3,0,15,10.33,26,119.23,0,0,3,0,2008,out
91,Harbhajan Singh,MI,30,3,3,1,28,15.0,17,176.47,0,0,1,3,2008,out
92,Murali Kartik,KKR,30,6,3,0,17,10.0,27,111.11,0,0,3,0,2008,out
93,Ramesh Powar,PBKS,28,5,1,1,28,0.0,21,133.33,0,0,4,1,2008,Not_out
94,RP Singh,DEC,27,14,9,5,10,6.75,24,112.5,0,0,2,1,2008,out
95,Saurabh Tiwary,MI,26,3,2,0,17,13.0,20,130.0,0,0,3,1,2008,out
96,Wilkin Mota,PBKS,26,4,2,1,25,26.0,27,96.29,0,0,2,0,2008,out
97,Shivnarine Chanderpaul,RCB,25,3,3,0,16,8.33,31,80.64,0,0,4,0,2008,out
98,Vinay Kumar,RCB,25,8,4,1,23,8.33,22,113.63,0,0,2,1,2008,out
99,Musavir Khote,MI,24,4,3,1,9,12.0,22,109.09,0,0,2,1,2008,out
100,Jagadeesh Arunkumar,RCB,23,3,3,0,22,7.66,23,100.0,0,0,5,0,2008,out
101,Chaminda Vaas,DEC,21,5,4,1,12,7.0,18,116.66,0,0,0,1,2008,Not_out
102,Bharat Chipli,RCB,20,3,3,0,10,6.66,28,71.42,0,0,3,0,2008,out
103,Mohammad Hafeez,KKR,20,8,3,1,13,10.0,22,90.9,0,0,2,1,2008,out
104,Darren Lehmann,RR,18,2,2,0,17,9.0,18,100.0,0,0,3,0,2008,out
105,Siddharth Chitnis,MI,18,3,2,0,15,9.0,10,180.0,0,0,1,1,2008,out
106,Jacob Oram,CSK,18,4,3,2,13,18.0,12,150.0,0,0,1,1,2008,out
107,Brett Lee,PBKS,17,4,3,2,16,17.0,13,130.76,0,0,2,1,2008,Not_out
108,Chamara Kapugedera,CSK,16,5,3,0,8,5.33,23,69.56,0,0,0,0,2008,out
109,Joginder Sharma,CSK,16,8,3,1,16,8.0,11,145.45,0,0,1,1,2008,out
110,Yo Mahesh,DC,15,11,5,3,6,7.5,27,55.55,0,0,0,0,2008,Not_out
111,Devraj Patil,RCB,13,2,2,0,9,6.5,13,100.0,0,0,1,0,2008,out
112,Anil Kumble,RCB,13,10,5,3,8,6.5,17,76.47,0,0,1,0,2008,out
113,Brad Hodge,KKR,12,3,3,0,10,4.0,17,70.58,0,0,2,0,2008,out
114,Nuwan Zoysa,DEC,11,3,2,1,10,11.0,9,122.22,0,0,1,0,2008,Not_out
115,Makhaya Ntini,CSK,11,9,2,1,11,11.0,18,61.11,0,0,2,0,2008,out
116,Ishant Sharma,KKR,11,13,6,5,4,11.0,11,100.0,0,0,1,0,2008,Not_out
117,Taruwar Kohli,RR,10,2,2,0,7,5.0,15,66.66,0,0,0,1,2008,out
118,Ashley Noffke,RCB,9,1,1,0,9,9.0,10,90.0,0,0,1,0,2008,out
119,Dimitri Mascarenhas,RR,9,1,1,0,9,9.0,8,112.5,0,0,0,1,2008,out
120,Tanmay Srivastava,PBKS,8,5,2,1,7,8.0,10,80.0,0,0,0,0,2008,out
121,Rohan Raje,MI,8,6,3,3,6,0.0,9,88.88,0,0,1,0,2008,Not_out
122,Sunil Joshi,RCB,6,4,2,0,3,3.0,14,42.85,0,0,0,0,2008,out
123,Pankaj Singh,RR,5,5,2,2,4,0.0,8,62.5,0,0,0,0,2008,Not_out
124,Siddharth Trivedi,RR,5,15,3,2,3,5.0,12,41.66,0,0,0,0,2008,Not_out
125,Ajinkya Rahane,MI,4,2,2,0,4,2.0,17,23.52,0,0,1,0,2008,out
126,Sunny Sohal,PBKS,4,2,2,0,4,2.0,8,50.0,0,0,0,0,2008,out
127,Vikram Singh,PBKS,4,13,2,0,4,2.0,3,133.33,0,0,1,0,2008,out
128,Glenn McGrath,DC,4,14,3,2,4,4.0,5,80.0,0,0,1,0,2008,Not_out
129,Younis Khan,RR,3,1,1,0,3,3.0,7,42.85,0,0,0,0,2008,out
130,Doddapaneni Kalyankrishna,DEC,3,3,1,0,3,3.0,8,37.5,0,0,0,0,2008,out
131,Manish Pandey,MI,3,3,2,0,3,1.5,9,33.33,0,0,0,0,2008,out
132,Mohammad Asif,DC,3,8,2,0,3,1.5,6,50.0,0,0,0,0,2008,out
133,Ashish Nehra,MI,3,14,4,3,2,3.0,13,23.07,0,0,0,0,2008,Not_out
134,Halhadar Das,DEC,2,1,1,0,2,2.0,5,40.0,0,0,0,0,2008,out
135,Vikrant Yeligati,MI,2,2,1,0,2,2.0,2,100.0,0,0,0,0,2008,out
136,Shoaib Akhtar,KKR,2,3,1,0,2,2.0,7,28.57,0,0,0,0,2008,out
137,Dilhara Fernando,MI,2,5,1,1,2,0.0,1,200.0,0,0,0,0,2008,Not_out
138,Pradeep Sangwan,DC,2,7,2,0,2,1.0,5,40.0,0,0,0,0,2008,out
139,Dale Steyn,RCB,2,10,2,1,1,2.0,5,40.0,0,0,0,0,2008,Not_out
140,Dhawal Kulkarni,MI,2,10,1,1,2,0.0,16,12.5,0,0,0,0,2008,Not_out
141,Ashok Dinda,KKR,2,13,3,2,1,2.0,4,50.0,0,0,0,0,2008,Not_out
142,Pragyan Ojha,DEC,2,13,4,2,1,1.0,4,50.0,0,0,0,0,2008,Not_out
143,Iqbal Abdulla,KKR,1,1,1,1,1,0.0,2,50.0,0,0,0,0,2008,Not_out
144,Srikkanth Anirudha,CSK,1,1,1,0,1,1.0,7,14.28,0,0,0,0,2008,out
145,PM Sarvesh Kumar,DEC,1,2,1,1,1,0.0,2,50.0,0,0,0,0,2008,Not_out
146,Paidikalva Vijaykumar,DEC,1,9,2,2,1,0.0,1,100.0,0,0,0,0,2008,Not_out
147,Abdur Razzak,RCB,0,1,1,1,0,0.0,2,0.0,0,0,0,0,2008,Not_out
148,Abhinav Mukund,CSK,0,2,1,0,0,0.0,1,0.0,0,0,0,0,2008,Not_out
149,Lakshmipathy Balaji,CSK,0,9,1,0,0,0.0,4,0.0,0,0,0,0,2008,Not_out
150,Munaf Patel,RR,0,15,2,2,0,0.0,1,0.0,0,0,0,0,2008,Not_out
1,Matthew Hayden,CSK,572,12,12,1,89,52.0,395,144.81,0,5,60,22,2009,out
2,Adam Gilchrist,DEC,495,16,16,0,85,30.93,325,152.3,0,3,54,29,2009,out
3,Suresh Raina,CSK,434,14,14,0,98,31.0,308,140.9,0,2,37,21,2009,out
4,JP Duminy,MI,372,13,12,3,62,41.33,325,114.46,0,5,26,11,2009,out
5,Herschelle Gibbs,DEC,371,14,14,3,69,33.72,331,112.08,0,4,32,12,2009,Not_out
6,Brad Hodge,KKR,365,12,12,3,73,40.55,310,117.74,0,3,34,9,2009,out
7,Sachin Tendulkar,MI,364,13,13,2,68,33.09,303,120.13,0,2,39,10,2009,out
8,Rohit Sharma,DEC,362,16,16,3,52,27.84,315,114.92,0,1,22,18,2009,out
9,Jacques Kallis,RCB,361,15,15,2,69,27.76,332,108.73,0,3,37,8,2009,Not_out
10,Yuvraj Singh,PBKS,340,14,14,2,58,28.33,294,115.64,0,2,25,16,2009,Not_out
11,Kumar Sangakkara,PBKS,332,14,13,2,60,30.18,324,102.46,0,2,29,5,2009,out
12,MS Dhoni,CSK,332,14,13,5,58,41.5,261,127.2,0,2,22,9,2009,Not_out
13,Ravindra Jadeja,RR,295,13,13,2,42,26.81,266,110.9,0,0,21,6,2009,out
14,Brendon McCullum,KKR,285,13,13,1,84,23.75,239,119.24,0,2,27,12,2009,Not_out
15,Ross Taylor,RCB,280,11,11,2,81,31.11,208,134.61,0,1,20,15,2009,Not_out
16,Rahul Dravid,RCB,271,13,12,0,66,22.58,234,115.81,0,1,28,3,2009,out
17,Andrew Symonds,DEC,249,8,8,1,60,35.57,166,150.0,0,1,15,11,2009,Not_out
18,Virat Kohli,RCB,246,16,13,2,50,22.36,219,112.32,0,1,22,8,2009,out
19,Yusuf Pathan,RR,243,13,13,1,62,20.25,183,132.78,0,1,24,12,2009,Not_out
20,Tirumalasetti Suman,DEC,237,12,12,2,41,23.7,190,124.73,0,0,18,8,2009,Not_out
21,Sanath Jayasuriya,MI,221,12,12,0,52,18.41,192,115.1,0,2,23,7,2009,out
22,Mahela Jayawardena,PBKS,219,10,10,4,52,36.5,165,132.72,0,1,17,7,2009,Not_out
23,Dwayne Bravo,MI,218,11,10,2,70,27.25,203,107.38,0,2,15,8,2009,Not_out
24,Dwayne Smith,DEC,215,8,8,0,49,26.87,132,162.87,0,0,12,15,2009,out
25,Graeme Smith,RR,212,12,12,1,77,19.27,216,98.14,0,1,27,1,2009,out
26,Irfan Pathan,PBKS,196,14,12,2,39,19.6,158,124.05,0,0,17,6,2009,out
27,Abhishek Nayar,MI,193,13,11,2,35,21.44,152,126.97,0,0,14,7,2009,out
28,Sourav Ganguly,KKR,189,13,11,0,46,17.18,207,91.3,0,0,13,6,2009,out
29,Subramaniam Badrinath,CSK,177,14,11,2,59,19.66,164,107.92,0,1,20,4,2009,Not_out
30,Robin Uthappa,RCB,175,15,13,2,66,15.9,170,102.94,0,1,18,3,2009,Not_out
31,Chris Gayle,KKR,171,7,7,1,44,28.5,143,119.58,0,0,15,10,2009,Not_out
32,Manish Pandey,RCB,168,5,4,2,114,84.0,118,142.37,1,0,17,4,2009,Not_out
33,Naman Ojha,RR,168,8,8,1,68,24.0,144,116.66,0,2,11,11,2009,out
34,Mark Boucher,RCB,150,12,9,4,48,30.0,116,129.31,0,0,8,6,2009,Not_out
35,Simon Katich,PBKS,145,9,9,0,50,16.11,117,123.93,0,1,15,6,2009,out
36,Ajinkya Rahane,MI,144,8,7,1,62,24.0,123,117.07,0,2,12,3,2009,Not_out
37,Parthiv Patel,CSK,142,9,9,0,36,15.77,126,112.69,0,0,19,2,2009,out
38,Ravi Bopara,PBKS,138,5,5,0,84,27.6,119,115.96,0,1,8,7,2009,out
39,Karan Goel,PBKS,124,9,9,1,38,15.5,133,93.23,0,0,9,4,2009,out
40,Venugopal Rao,DEC,124,16,13,2,32,11.27,114,108.77,0,0,6,3,2009,out
41,Roelof van der Merwe,RCB,122,10,8,0,35,15.25,98,124.48,0,0,8,8,2009,out
42,Sunny Sohal,PBKS,115,8,8,0,43,14.37,93,123.65,0,0,9,8,2009,out
43,Shane Warne,RR,108,13,11,3,34,13.5,116,93.1,0,0,6,4,2009,Not_out
44,Rob Quiney,RR,103,7,7,0,51,14.71,102,100.98,0,1,12,3,2009,out
45,David Hussey,KKR,98,4,4,0,43,24.5,59,166.1,0,0,7,6,2009,out
46,Swapnil Asnodkar,RR,98,8,8,0,44,12.25,93,105.37,0,0,11,4,2009,out
47,Albie Morkel,CSK,97,12,10,6,21,24.25,70,138.57,0,0,8,4,2009,Not_out
48,Kevin Pietersen,RCB,93,6,6,0,37,15.5,85,109.41,0,0,8,2,2009,out
49,Jacob Oram,CSK,88,11,8,2,41,14.66,93,94.62,0,0,5,4,2009,Not_out
50,Harbhajan Singh,MI,84,13,10,2,20,10.5,53,158.49,0,0,6,5,2009,out
51,Laxmi Ratan Shukla,KKR,83,9,6,1,48,16.6,85,97.64,0,0,5,3,2009,Not_out
52,Lee Carseldine,RR,81,5,5,1,39,20.25,68,119.11,0,0,11,0,2009,out
53,Abhishek Raut,RR,78,9,7,3,36,19.5,61,127.86,0,0,5,3,2009,Not_out
54,Wriddhiman Saha,KKR,72,8,7,4,25,24.0,41,175.6,0,0,3,4,2009,Not_out
55,Azhar Bilakhia,DEC,67,6,6,2,22,16.75,81,82.71,0,0,5,0,2009,out
56,Ajit Agarkar,KKR,66,11,7,5,39,33.0,57,115.78,0,0,3,3,2009,out
57,Dwaraka Ravi Teja,DEC,65,9,6,3,27,21.66,70,92.85,0,0,7,0,2009,out
58,Praveen Kumar,RCB,65,13,8,3,14,13.0,46,141.3,0,0,1,6,2009,Not_out
59,Andrew Flintoff,CSK,62,3,3,1,24,31.0,53,116.98,0,0,5,2,2009,out
60,Murali Vijay,CSK,60,4,4,0,31,15.0,67,89.55,0,0,4,2,2009,out
61,Jesse Ryder,RCB,56,5,5,0,32,11.2,49,114.28,0,0,9,0,2009,out
62,Shreevats Goswami,RCB,53,2,2,0,43,26.5,60,88.33,0,0,6,0,2009,out
63,Pinal Shah,MI,53,9,5,2,29,17.66,51,103.92,0,0,4,2,2009,out
64,Johan Botha,RR,47,3,3,1,37,23.5,40,117.5,0,0,5,0,2009,out
65,Yashpal Singh,KKR,47,8,4,0,20,11.75,66,71.21,0,0,5,0,2009,out
66,Vinay Kumar,RCB,47,11,8,3,12,9.4,44,106.81,0,0,4,1,2009,out
67,George Bailey,CSK,45,3,2,0,30,22.5,39,115.38,0,0,7,0,2009,out
68,Luke Pomersbach,PBKS,41,4,4,0,26,10.25,49,83.67,0,0,3,1,2009,out
69,Shikhar Dhawan,MI,40,5,4,0,22,10.0,45,88.88,0,0,3,0,2009,out
70,Dimitri Mascarenhas,RR,39,5,4,0,27,9.75,39,100.0,0,0,4,0,2009,out
71,Moises Henriques,KKR,38,4,3,1,30,19.0,40,95.0,0,0,2,1,2009,Not_out
72,Munaf Patel,RR,33,11,5,2,23,11.0,26,126.92,0,0,5,0,2009,Not_out
73,Piyush Chawla,PBKS,31,14,10,5,8,6.2,36,86.11,0,0,3,0,2009,Not_out
74,Chaminda Vaas,DEC,30,2,2,1,20,30.0,21,142.85,0,0,1,1,2009,out
75,Wilkin Mota,PBKS,30,8,6,1,12,6.0,48,62.5,0,0,0,0,2009,out
76,Brett Lee,PBKS,28,5,4,2,14,14.0,34,82.35,0,0,2,1,2009,Not_out
77,Amit Mishra,DC,26,11,5,2,13,8.66,20,130.0,0,0,2,2,2009,Not_out
78,Ramesh Powar,PBKS,23,9,4,3,10,23.0,22,104.54,0,0,2,0,2009,out
79,Ryan Harris,DEC,21,8,5,4,9,21.0,18,116.66,0,0,0,0,2009,Not_out
80,Murali Kartik,KKR,21,10,2,2,11,0.0,20,105.0,0,0,0,0,2009,Not_out
81,Joginder Sharma,CSK,20,4,2,1,16,20.0,18,111.11,0,0,0,1,2009,Not_out
82,Shadab Jakati,CSK,20,9,2,1,13,20.0,15,133.33,0,0,3,0,2009,out
83,Rajesh Bishnoi,RCB,19,3,3,0,18,6.33,17,111.76,0,0,1,2,2009,out
84,VVS Laxman,DEC,19,5,5,0,10,3.8,33,57.57,0,0,1,1,2009,out
85,Niraj Patel,RR,18,4,2,0,14,9.0,38,47.36,0,0,1,0,2009,out
86,Balachandra Akhil,RCB,17,6,3,1,9,8.5,15,113.33,0,0,1,1,2009,out
87,Angelo Mathews,KKR,16,1,1,0,16,16.0,13,123.07,0,0,2,0,2009,out
88,Mahesh Rawat,RR,16,5,3,3,8,0.0,19,84.21,0,0,1,0,2009,Not_out
89,Ishant Sharma,KKR,16,11,3,1,9,8.0,13,123.07,0,0,1,1,2009,out
90,Anil Kumble,RCB,16,16,7,6,7,16.0,19,84.21,0,0,2,0,2009,Not_out
91,Graham Napier,MI,15,1,1,0,15,15.0,16,93.75,0,0,1,0,2009,out
92,Wasim Jaffer,RCB,15,2,2,0,8,7.5,17,88.23,0,0,2,0,2009,out
93,Scott Styris,DEC,14,2,1,0,14,14.0,8,175.0,0,0,0,1,2009,out
94,Saurabh Tiwary,MI,13,4,3,2,6,13.0,12,108.33,0,0,0,0,2009,Not_out
95,Manpreet Gony,CSK,13,7,3,1,7,6.5,7,185.71,0,0,0,2,2009,out
96,Rohan Raje,MI,12,4,2,1,11,12.0,9,133.33,0,0,0,1,2009,Not_out
97,Aakash Chopra,KKR,11,2,1,0,11,11.0,19,57.89,0,0,2,0,2009,out
98,Tyron Henderson,RR,11,2,2,0,11,5.5,16,68.75,0,0,0,1,2009,out
99,Dillon du Preez,RCB,10,2,1,0,10,10.0,13,76.92,0,0,0,0,2009,out
100,Shane Harwood,RR,9,3,2,2,6,0.0,14,64.28,0,0,0,0,2009,Not_out
101,Siddharth Trivedi,RR,9,7,3,1,6,4.5,18,50.0,0,0,0,0,2009,Not_out
102,Dhawal Kulkarni,MI,9,8,4,2,7,4.5,17,52.94,0,0,0,0,2009,Not_out
103,Morne Morkel,RR,8,2,1,0,8,8.0,8,100.0,0,0,1,0,2009,out
104,Ravichandran Ashwin,CSK,8,2,1,0,8,8.0,15,53.33,0,0,1,0,2009,out
105,Zaheer Khan,MI,8,6,4,3,4,8.0,11,72.72,0,0,0,0,2009,Not_out
106,Muttiah Muralitharan,CSK,8,13,4,2,4,4.0,8,100.0,0,0,1,0,2009,out
107,RP Singh,DEC,8,16,6,2,4,2.0,17,47.05,0,0,0,0,2009,out
108,Arindam Ghosh,KKR,7,2,2,0,7,3.5,8,87.5,0,0,1,0,2009,out
109,Siddharth Chitnis,RR,6,1,1,0,6,6.0,8,75.0,0,0,1,0,2009,out
110,Paul Valthaty,RR,6,2,2,0,5,3.0,12,50.0,0,0,1,0,2009,out
111,Shoaib Shaikh,KKR,6,2,1,0,6,6.0,7,85.71,0,0,1,0,2009,out
112,Shanthakumaran Sreesanth,PBKS,5,7,2,2,4,0.0,18,27.77,0,0,1,0,2009,Not_out
113,Lakshmipathy Balaji,CSK,4,13,4,1,2,1.33,10,40.0,0,0,0,0,2009,Not_out
114,Kamran Khan,RR,3,5,1,0,3,3.0,5,60.0,0,0,0,0,2009,out
115,Mashrafe Mortaza,KKR,2,1,1,1,2,0.0,2,100.0,0,0,0,0,2009,Not_out
116,Mohammad Ashraful,MI,2,1,1,0,2,2.0,10,20.0,0,0,0,0,2009,out
117,Thilan Thushara,CSK,2,2,2,1,1,2.0,7,28.57,0,0,0,0,2009,Not_out
118,Ashok Dinda,KKR,2,9,2,0,2,1.0,3,66.66,0,0,0,0,2009,out
119,Taruwar Kohli,PBKS,1,2,2,1,1,1.0,4,25.0,0,0,0,0,2009,out
120,Pankaj Singh,RCB,1,3,2,1,1,1.0,2,50.0,0,0,0,0,2009,Not_out
121,Amit Singh,RR,1,5,2,1,1,1.0,3,33.33,0,0,0,0,2009,Not_out
122,Shoaib Ahmed,DEC,1,7,3,1,1,0.5,6,16.66,0,0,0,0,2009,Not_out
123,Pragyan Ojha,DEC,1,15,4,1,1,0.33,7,14.28,0,0,0,0,2009,out
124,Luke Ronchi,MI,0,1,1,0,0,0.0,2,0.0,0,0,0,0,2009,Not_out
125,Tanmay Srivastava,PBKS,0,2,1,1,0,0.0,1,0.0,0,0,0,0,2009,Not_out
126,Chetanya Nanda,MI,0,3,1,0,0,0.0,1,0.0,0,0,0,0,2009,Not_out
127,Dale Steyn,RCB,0,3,2,1,0,0.0,3,0.0,0,0,0,0,2009,Not_out
128,Ajantha Mendis,KKR,0,4,1,0,0,0.0,1,0.0,0,0,0,0,2009,Not_out
129,KP Appanna,RCB,0,5,1,1,0,0.0,1,0.0,0,0,0,0,2009,Not_out
130,Lasith Malinga,MI,0,13,3,1,0,0.0,1,0.0,0,0,0,0,2009,Not_out
1,Sachin Tendulkar,MI,618,15,15,2,89,47.53,466,132.61,0,5,86,3,2010,Not_out
2,Jacques Kallis,RCB,572,16,16,4,89,47.66,494,115.78,0,6,67,9,2010,Not_out
3,Suresh Raina,CSK,520,16,16,5,83,47.27,364,142.85,0,4,45,22,2010,Not_out
4,Sourav Ganguly,KKR,493,14,14,1,88,37.92,419,117.66,0,4,58,15,2010,out
5,Murali Vijay,CSK,458,15,15,2,127,35.23,292,156.84,1,2,36,26,2010,out
6,Mahela Jayawardena,PBKS,439,13,13,3,110,43.9,298,147.31,1,1,55,11,2010,Not_out
7,Andrew Symonds,DEC,429,16,16,2,54,30.64,341,125.8,0,4,35,18,2010,out
8,Saurabh Tiwary,MI,419,16,15,1,61,29.92,309,135.59,0,3,29,18,2010,out
9,Rohit Sharma,DEC,404,16,16,2,73,28.85,302,133.77,0,3,36,14,2010,out
10,Naman Ojha,RR,377,14,14,2,94,31.41,285,132.28,0,2,42,15,2010,Not_out
11,Robin Uthappa,RCB,374,16,14,2,68,31.16,218,171.55,0,3,21,27,2010,Not_out
12,Kumar Sangakkara,PBKS,357,13,12,0,56,29.75,257,138.91,0,2,47,5,2010,out
13,Ambati Rayudu,MI,356,14,14,1,55,27.38,246,144.71,0,2,34,13,2010,Not_out
14,Virender Sehwag,DC,356,14,14,0,75,25.42,218,163.3,0,3,47,14,2010,out
15,Subramaniam Badrinath,CSK,356,16,15,4,55,32.36,303,117.49,0,2,41,5,2010,Not_out
16,Matthew Hayden,CSK,346,16,16,0,93,21.62,279,124.01,0,1,37,16,2010,out
17,Yusuf Pathan,RR,333,14,14,2,100,27.75,201,165.67,1,1,22,24,2010,out
18,Tirumalasetti Suman,DEC,307,14,14,5,78,34.11,257,119.45,0,2,23,12,2010,Not_out
19,Virat Kohli,RCB,307,16,13,2,58,27.9,212,144.81,0,1,26,12,2010,out
20,Chris Gayle,KKR,292,9,9,0,88,32.44,184,158.69,0,2,30,16,2010,out
21,Adam Gilchrist,DEC,289,16,16,0,54,18.06,185,156.21,0,1,31,16,2010,out
22,MS Dhoni,CSK,287,13,11,2,66,31.88,210,136.66,0,2,26,8,2010,Not_out
23,David Warner,DC,282,11,11,1,107,28.2,191,147.64,1,1,27,14,2010,Not_out
24,Michael Lumb,RR,278,11,11,0,83,25.27,192,144.79,0,1,45,6,2010,out
25,Dinesh Karthik,DC,278,14,14,1,69,21.38,237,117.29,0,1,26,6,2010,out
26,Gautam Gambhir,DC,277,11,10,1,72,30.77,217,127.64,0,2,32,2,2010,out
27,Irfan Pathan,PBKS,276,14,13,5,60,34.5,186,148.38,0,1,21,10,2010,out
28,Kieron Pollard,MI,273,14,14,2,45,22.75,147,185.71,0,0,23,17,2010,Not_out
29,Herschelle Gibbs,DEC,267,10,10,0,50,26.7,235,113.61,0,1,26,9,2010,out
30,Rahul Dravid,RCB,256,16,11,2,52,28.44,199,128.64,0,1,34,3,2010,out
31,Yuvraj Singh,PBKS,255,14,14,2,43,21.25,199,128.14,0,0,20,14,2010,out
32,Manish Pandey,RCB,249,13,13,1,42,20.75,226,110.17,0,0,27,7,2010,Not_out
33,Ravi Bopara,PBKS,248,10,9,1,77,31.0,214,115.88,0,2,25,3,2010,out
34,Manoj Tiwary,KKR,237,13,11,2,75,26.33,186,127.41,0,2,23,5,2010,Not_out
35,Kevin Pietersen,RCB,236,7,7,3,66,59.0,157,150.31,0,2,23,8,2010,Not_out
36,Angelo Mathews,KKR,233,14,11,4,65,33.28,184,126.63,0,1,18,8,2010,Not_out
37,Manvinder Bisla,PBKS,218,10,10,0,75,21.8,178,122.47,0,1,27,6,2010,out
38,Paul Collingwood,DC,203,8,7,2,75,40.6,156,130.12,0,3,9,13,2010,Not_out
39,Albie Morkel,CSK,198,14,11,3,62,24.75,131,151.14,0,1,10,13,2010,out
40,Shikhar Dhawan,MI,191,10,10,0,56,19.1,170,112.35,0,2,23,3,2010,out
41,Shane Watson,RR,185,6,5,0,60,37.0,114,162.28,0,2,18,9,2010,out
42,Abhishek Jhunjhunwala,RR,183,13,11,2,53,20.33,166,110.24,0,1,16,4,2010,Not_out
43,Adam Voges,RR,181,9,7,3,45,45.25,143,126.57,0,0,15,3,2010,Not_out
44,Mohnish Mishra,DEC,166,11,11,0,41,15.09,144,115.27,0,0,18,6,2010,out
45,Faiz Fazal,RR,164,10,9,1,45,20.5,154,106.49,0,0,19,1,2010,out
46,JP Duminy,MI,157,7,7,2,42,31.4,131,119.84,0,0,13,5,2010,Not_out
47,Mithun Manhas,DC,157,9,8,4,32,39.25,149,105.36,0,0,14,0,2010,Not_out
48,Shaun Marsh,PBKS,147,4,4,1,88,49.0,114,128.94,0,2,14,6,2010,Not_out
49,Cheteshwar Pujara,KKR,122,10,6,2,45,30.5,115,106.08,0,0,14,3,2010,Not_out
50,Owais Shah,KKR,115,5,5,3,58,57.5,95,121.05,0,1,7,5,2010,Not_out
51,Brendon McCullum,KKR,114,5,5,1,57,28.5,110,103.63,0,1,14,2,2010,Not_out
52,Rajagopal Sathish,MI,112,12,11,4,24,16.0,96,116.66,0,0,11,0,2010,out
53,AB de Villiers,DC,111,7,7,0,45,15.85,119,93.27,0,0,7,0,2010,out
54,Paras Dogra,RR,107,9,8,0,41,13.37,106,100.94,0,0,4,5,2010,out
55,Harbhajan Singh,MI,105,15,7,3,49,26.25,63,166.66,0,0,12,5,2010,Not_out
56,Brad Hodge,KKR,99,4,4,0,50,24.75,90,110.0,0,1,11,1,2010,out
57,David Hussey,KKR,94,6,6,2,31,23.5,86,109.3,0,0,5,5,2010,out
58,Ross Taylor,RCB,88,7,7,3,31,22.0,75,117.33,0,0,2,6,2010,Not_out
59,Kedar Jadhav,DC,76,5,5,2,50,25.33,56,135.71,0,1,7,2,2010,Not_out
60,Parthiv Patel,CSK,72,4,4,0,57,18.0,79,91.13,0,1,6,2,2010,out
61,Wriddhiman Saha,KKR,67,13,7,4,22,22.33,53,126.41,0,0,9,1,2010,out
62,Ryan McLaren,MI,66,10,7,4,40,22.0,69,95.65,0,0,7,0,2010,out
63,Andrew McDonald,DC,65,4,3,3,33,0.0,52,125.0,0,0,3,2,2010,Not_out
64,VVS Laxman,DEC,64,6,6,1,22,12.8,60,106.66,0,0,7,1,2010,out
65,Anirudh Singh,DEC,63,5,4,0,40,15.75,66,95.45,0,0,6,1,2010,out
66,Piyush Chawla,PBKS,62,14,6,1,22,12.4,60,103.33,0,0,7,0,2010,out
67,Dwayne Bravo,MI,61,10,8,1,23,8.71,53,115.09,0,0,3,4,2010,out
68,Abhishek Nayar,MI,58,3,3,1,27,29.0,51,113.72,0,0,4,2,2010,out
69,Abhishek Raut,RR,56,6,5,3,32,28.0,48,116.66,0,0,3,3,2010,Not_out
70,Aditya Tare,MI,50,7,4,0,23,12.5,36,138.88,0,0,5,3,2010,out
71,Cameron White,RCB,48,7,5,3,21,24.0,33,145.45,0,0,3,3,2010,Not_out
72,Ryan Harris,DEC,45,8,5,1,15,11.25,39,115.38,0,0,2,2,2010,out
73,Graeme Smith,RR,44,2,2,0,26,22.0,39,112.82,0,0,7,0,2010,out
74,Tillakaratne Dilshan,DC,44,6,6,0,17,7.33,53,83.01,0,0,6,0,2010,out
75,Adrian Barath,PBKS,42,3,3,1,33,21.0,42,100.0,0,0,5,1,2010,out
76,Ajit Agarkar,KKR,40,7,4,3,17,40.0,29,137.93,0,0,4,0,2010,out
77,Amit Mishra,DC,39,14,7,3,12,9.75,51,76.47,0,0,1,0,2010,out
78,Michael Hussey,CSK,37,3,3,1,15,18.5,44,84.09,0,0,2,0,2010,out
79,Laxmi Ratan Shukla,KKR,36,4,2,0,19,18.0,26,138.46,0,0,3,2,2010,out
80,Bodapati Sumanth,DEC,35,5,4,3,16,35.0,37,94.59,0,0,3,0,2010,out
81,Eoin Morgan,RCB,35,6,4,1,17,11.66,30,116.66,0,0,2,1,2010,out
82,Aditya Dole,RR,34,3,2,0,30,17.0,22,154.54,0,0,3,1,2010,out
83,Venugopal Rao,DEC,34,6,5,1,24,8.5,43,79.06,0,0,3,1,2010,out
84,Daniel Vettori,DC,33,3,3,2,19,33.0,27,122.22,0,0,4,0,2010,Not_out
85,Sanath Jayasuriya,MI,33,4,4,0,23,8.25,31,106.45,0,0,4,1,2010,out
86,MF Maharoof,DC,31,7,4,1,28,10.33,23,134.78,0,0,2,2,2010,out
87,Chaminda Vaas,DEC,30,6,5,1,16,7.5,34,88.23,0,0,1,1,2010,out
88,Ravichandran Ashwin,CSK,30,12,6,2,11,7.5,40,75.0,0,0,2,0,2010,Not_out
89,Rahul Sharma,DEC,29,6,4,1,14,9.66,26,111.53,0,0,3,1,2010,Not_out
90,Mitchell Marsh,DEC,28,3,2,0,15,14.0,30,93.33,0,0,1,1,2010,out
91,Mohammad Kaif,PBKS,28,4,3,0,14,9.33,30,93.33,0,0,2,0,2010,out
92,Sridharan Sriram,RCB,27,1,1,0,27,27.0,29,93.1,0,0,3,0,2010,out
93,Shanthakumaran Sreesanth,PBKS,27,6,3,3,15,0.0,21,128.57,0,0,5,0,2010,Not_out
94,Vinay Kumar,RCB,27,14,5,1,10,6.75,32,84.37,0,0,1,0,2010,Not_out
95,JM Kemp,CSK,26,5,2,0,22,13.0,24,108.33,0,0,1,1,2010,out
96,Rajat Bhatia,DC,24,5,3,0,21,8.0,17,141.17,0,0,1,2,2010,out
97,Zaheer Khan,MI,24,14,4,3,23,24.0,13,184.61,0,0,3,1,2010,Not_out
98,Ashish Nehra,DC,23,4,2,1,22,23.0,20,115.0,0,0,2,1,2010,Not_out
99,Dwayne Smith,DEC,22,3,3,1,13,11.0,25,88.0,0,0,1,1,2010,Not_out
100,Murali Kartik,KKR,22,10,2,0,21,11.0,22,100.0,0,0,2,0,2010,out
101,Aaron Finch,RR,21,1,1,0,21,21.0,21,100.0,0,0,0,1,2010,out
102,Siddharth Trivedi,RR,20,11,4,2,9,10.0,14,142.85,0,0,3,1,2010,out
103,Damien Martyn,RR,19,1,1,0,19,19.0,24,79.16,0,0,1,0,2010,out
104,George Bailey,CSK,18,1,1,0,18,18.0,27,66.66,0,0,2,0,2010,out
105,Karan Goel,PBKS,18,6,2,1,17,18.0,20,90.0,0,0,1,1,2010,Not_out
106,Lakshmipathy Balaji,CSK,18,7,3,1,15,9.0,20,90.0,0,0,1,1,2010,out
107,Doug Bollinger,CSK,18,8,2,2,16,0.0,17,105.88,0,0,1,1,2010,Not_out
108,Chandan Madan,MI,15,1,1,0,15,15.0,19,78.94,0,0,3,0,2010,out
109,Sumit Narwal,RR,14,5,3,1,12,7.0,12,116.66,0,0,2,0,2010,out
110,Mark Boucher,RCB,13,5,2,1,11,13.0,10,130.0,0,0,0,1,2010,Not_out
111,Dale Steyn,RCB,13,15,4,0,8,3.25,17,76.47,0,0,2,0,2010,out
112,Dimitri Mascarenhas,RR,12,2,2,1,9,12.0,10,120.0,0,0,0,0,2010,Not_out
113,Shaun Tait,RR,12,8,2,1,11,12.0,13,92.3,0,0,0,1,2010,out
114,Moises Henriques,DC,11,1,1,0,11,11.0,5,220.0,0,0,2,0,2010,out
115,Brett Lee,PBKS,11,4,3,2,7,11.0,9,122.22,0,0,1,0,2010,Not_out
116,Kemar Roach,DEC,10,2,1,0,10,10.0,9,111.11,0,0,1,0,2010,out
117,Thilan Thushara,CSK,10,4,2,1,8,10.0,11,90.9,0,0,0,0,2010,out
118,Pradeep Sangwan,DC,10,8,2,1,6,10.0,14,71.42,0,0,0,0,2010,Not_out
119,Shane Warne,RR,10,14,7,2,4,2.0,19,52.63,0,0,0,0,2010,out
120,Morne Morkel,RR,9,2,2,1,7,9.0,16,56.25,0,0,1,0,2010,Not_out
121,Bipul Sharma,PBKS,9,5,2,2,8,0.0,7,128.57,0,0,1,0,2010,Not_out
122,RP Singh,DEC,9,12,5,3,4,4.5,19,47.36,0,0,0,0,2010,Not_out
123,Shreevats Goswami,RCB,8,1,1,0,8,8.0,10,80.0,0,0,2,0,2010,out
124,Stuart Binny,MI,8,1,1,0,8,8.0,5,160.0,0,0,1,0,2010,out
125,Jaskaran Singh,DEC,8,6,4,3,4,8.0,11,72.72,0,0,0,0,2010,Not_out
126,Vikramjeet Malik,PBKS,6,3,1,0,6,6.0,5,120.0,0,0,1,0,2010,out
127,Ishant Sharma,KKR,6,7,2,1,6,6.0,17,35.29,0,0,0,0,2010,Not_out
128,Anil Kumble,RCB,6,16,5,5,2,0.0,11,54.54,0,0,0,0,2010,Not_out
129,Abhimanyu Mithun,RCB,5,1,1,0,5,5.0,4,125.0,0,0,1,0,2010,out
130,Swapnil Asnodkar,RR,5,2,2,0,5,2.5,4,125.0,0,0,1,0,2010,out
131,Ramesh Powar,PBKS,5,7,2,1,3,5.0,8,62.5,0,0,0,0,2010,out
132,Amit Uniyal,RR,4,2,2,1,4,4.0,7,57.14,0,0,0,0,2010,Not_out
133,Reetinder Sodhi,PBKS,4,3,1,1,4,0.0,2,200.0,0,0,1,0,2010,Not_out
134,Munaf Patel,RR,4,4,2,1,4,4.0,5,80.0,0,0,0,0,2010,Not_out
135,Dirk Nannes,DC,4,9,2,1,3,4.0,13,30.76,0,0,0,0,2010,out
136,Praveen Kumar,RCB,4,12,4,2,3,2.0,8,50.0,0,0,0,0,2010,Not_out
137,Arun Karthik,CSK,3,1,1,1,3,0.0,5,60.0,0,0,0,0,2010,Not_out
138,Sudeep Tyagi,CSK,3,6,1,1,3,0.0,4,75.0,0,0,0,0,2010,Not_out
139,Umesh Yadav,DC,3,7,1,1,3,0.0,4,75.0,0,0,0,0,2010,Not_out
140,Pragyan Ojha,DEC,3,16,6,3,2,1.0,8,37.5,0,0,0,0,2010,out
141,Azhar Bilakhia,DEC,2,1,1,0,2,2.0,4,50.0,0,0,0,0,2010,out
142,KP Appanna,RCB,2,2,2,1,1,2.0,3,66.66,0,0,0,0,2010,Not_out
143,Rohan Gavaskar,KKR,2,2,1,0,2,2.0,8,25.0,0,0,0,0,2010,out
144,Manpreet Gony,CSK,2,3,1,0,2,2.0,6,33.33,0,0,0,0,2010,out
145,Dilhara Fernando,MI,2,5,1,1,2,0.0,2,100.0,0,0,0,0,2010,Not_out
146,Juan Theron,PBKS,2,7,2,0,2,1.0,5,40.0,0,0,0,0,2010,out
147,Roelof van der Merwe,RCB,1,1,1,0,1,1.0,2,50.0,0,0,0,0,2010,out
148,Ajantha Mendis,KKR,1,2,1,1,1,0.0,1,100.0,0,0,0,0,2010,Not_out
149,Pankaj Singh,RCB,1,2,1,0,1,1.0,2,50.0,0,0,0,0,2010,out
150,Shalabh Srivastava,PBKS,1,8,2,1,1,1.0,2,50.0,0,0,0,0,2010,Not_out
151,Shane Bond,KKR,1,8,1,0,1,1.0,2,50.0,0,0,0,0,2010,out
152,Muttiah Muralitharan,CSK,1,12,1,0,1,1.0,2,50.0,0,0,0,0,2010,out
153,Lasith Malinga,MI,1,13,2,2,1,0.0,1,100.0,0,0,0,0,2010,Not_out
1,Chris Gayle,RCB,608,12,12,3,107,67.55,332,183.13,2,3,57,44,2011,out
2,Virat Kohli,RCB,557,16,16,4,71,46.41,460,121.08,0,4,55,16,2011,out
3,Sachin Tendulkar,MI,553,16,16,3,100,42.53,488,113.31,1,2,67,5,2011,Not_out
4,Shaun Marsh,PBKS,504,14,13,1,95,42.0,344,146.51,0,4,52,20,2011,out
5,Michael Hussey,CSK,492,14,14,2,83,41.0,414,118.84,0,4,53,6,2011,Not_out
6,Paul Valthaty,PBKS,463,14,14,1,120,35.61,338,136.98,1,2,56,20,2011,Not_out
7,Suresh Raina,CSK,438,16,16,2,73,31.28,325,134.76,0,4,36,17,2011,Not_out
8,Murali Vijay,CSK,434,16,16,0,95,27.12,339,128.02,0,3,34,20,2011,out
9,Virender Sehwag,DC,424,11,11,0,119,38.54,240,176.66,1,2,51,18,2011,out
10,Jacques Kallis,KKR,424,15,14,2,80,35.33,378,112.16,0,4,46,6,2011,Not_out
11,Shikhar Dhawan,DEC,400,14,14,2,95,33.33,310,129.03,0,2,47,7,2011,Not_out
12,Subramaniam Badrinath,CSK,396,16,13,6,71,56.57,313,126.51,0,5,38,9,2011,Not_out
13,Ambati Rayudu,MI,395,16,16,2,63,28.21,350,112.85,0,4,44,9,2011,Not_out
14,MS Dhoni,CSK,392,16,13,4,70,43.55,247,158.7,0,2,25,23,2011,Not_out
15,Adam Gilchrist,PBKS,383,14,14,0,106,27.35,295,129.83,1,2,41,18,2011,out
16,Gautam Gambhir,KKR,378,15,15,4,75,34.36,317,119.24,0,2,44,3,2011,Not_out
17,Rohit Sharma,MI,372,16,14,3,87,33.81,297,125.25,0,3,32,13,2011,out
18,Manoj Tiwary,KKR,359,15,14,7,61,51.28,325,110.46,0,1,26,14,2011,Not_out
19,Kumar Sangakkara,DEC,358,13,13,0,65,27.53,293,122.18,0,1,44,5,2011,out
20,Brendon McCullum,KTK,357,13,13,0,81,27.46,275,129.81,0,1,35,16,2011,out
21,Rahul Dravid,RR,343,12,12,1,66,31.18,314,109.23,0,1,45,2,2011,out
22,Yuvraj Singh,PWI,343,14,13,3,66,34.3,261,131.41,0,2,24,18,2011,Not_out
23,Venugopal Rao,DC,336,14,14,2,60,28.0,280,120.0,0,1,30,13,2011,out
24,Shane Watson,RR,330,11,11,1,89,33.0,253,130.43,0,1,31,17,2011,Not_out
25,David Warner,DC,324,13,13,0,77,24.92,276,117.39,0,3,34,11,2011,out
26,AB de Villiers,RCB,312,16,13,4,65,34.66,243,128.39,0,2,21,14,2011,out
27,Mahela Jayawardena,KTK,299,13,13,0,76,23.0,257,116.34,0,3,35,5,2011,out
28,Jesse Ryder,PWI,292,13,13,0,60,22.46,197,148.22,0,2,37,11,2011,out
29,Brad Hodge,KTK,285,14,14,6,51,35.62,236,120.76,0,1,26,9,2011,Not_out
30,Ravindra Jadeja,KTK,283,14,12,3,47,31.44,228,124.12,0,0,20,14,2011,out
31,Yusuf Pathan,KKR,283,15,11,1,47,28.3,201,140.79,0,0,24,13,2011,Not_out
32,Dinesh Karthik,PBKS,282,14,13,2,69,25.63,220,128.18,0,1,32,7,2011,out
33,Robin Uthappa,PWI,264,14,13,3,45,26.4,209,126.31,0,0,27,10,2011,out
34,Sunny Sohal,DEC,249,11,10,0,62,24.9,191,130.36,0,2,25,10,2011,out
35,Manish Pandey,PWI,246,10,9,0,59,27.33,227,108.37,0,1,28,6,2011,out
36,Johan Botha,RR,230,10,9,4,67,46.0,198,116.16,0,1,20,2,2011,Not_out
37,Tillakaratne Dilshan,RCB,226,10,10,2,59,28.25,180,125.55,0,2,33,3,2011,Not_out
38,Bharat Chipli,DEC,207,14,13,5,61,25.87,170,121.76,0,1,21,4,2011,Not_out
39,JP Duminy,DEC,205,10,10,0,55,20.5,174,117.81,0,1,9,8,2011,out
40,Parthiv Patel,KTK,202,14,13,3,37,20.2,183,110.38,0,0,25,2,2011,Not_out
41,James Hopes,DC,196,10,8,3,55,39.2,158,124.05,0,2,22,3,2011,out
42,Dan Christian,DEC,190,14,13,2,30,17.27,159,119.49,0,0,9,7,2011,out
43,Saurabh Tiwary,RCB,187,16,13,5,42,23.37,188,99.46,0,0,13,5,2011,Not_out
44,Dwaraka Ravi Teja,DEC,183,12,9,2,60,26.14,144,127.08,0,1,17,4,2011,out
45,Ross Taylor,RR,181,12,11,6,47,36.2,152,119.07,0,0,11,7,2011,Not_out
46,Ashok Menaria,RR,180,13,10,1,34,20.0,152,118.42,0,0,10,10,2011,out
47,Naman Ojha,DC,160,14,14,1,29,12.3,161,99.37,0,0,11,11,2011,out
48,Irfan Pathan,DC,150,14,12,4,44,18.75,138,108.69,0,0,12,6,2011,Not_out
49,Kieron Pollard,MI,146,16,13,3,28,14.6,133,109.77,0,0,12,6,2011,out
50,Mayank Agarwal,RCB,141,8,7,0,41,20.14,120,117.5,0,0,16,4,2011,out
51,Albie Morkel,CSK,138,15,13,7,30,23.0,102,135.29,0,0,8,8,2011,Not_out
52,Eoin Morgan,KKR,137,12,9,0,66,15.22,117,117.09,0,1,17,3,2011,out
53,Andrew Symonds,MI,135,11,9,5,44,33.75,138,97.82,0,0,9,3,2011,Not_out
54,Aiden Blizzard,MI,120,6,6,0,51,20.0,87,137.93,0,1,21,2,2011,out
55,Ajinkya Rahane,RR,120,10,7,1,52,20.0,98,122.44,0,1,12,2,2011,out
56,Mithun Manhas,PWI,114,10,10,0,35,11.4,123,92.68,0,0,8,4,2011,out
57,Yogesh Nagar,DC,111,11,10,3,23,15.85,100,111.0,0,0,6,6,2011,out
58,Ryan ten Doeschate,KKR,107,6,3,1,70,53.5,73,146.57,0,1,9,5,2011,Not_out
59,James Franklin,MI,107,8,5,3,45,53.5,78,137.17,0,0,10,2,2011,Not_out
60,Cameron White,DEC,104,6,6,2,31,26.0,109,95.41,0,0,6,2,2011,Not_out
61,Harbhajan Singh,MI,103,15,8,5,30,34.33,71,145.07,0,0,9,6,2011,out
62,Davy Jacobs,MI,92,6,6,0,32,15.33,88,104.54,0,0,10,4,2011,out
63,Ryan McLaren,PBKS,90,6,4,1,51,30.0,96,93.75,0,1,7,1,2011,Not_out
64,Srikkanth Anirudha,CSK,83,9,5,1,64,20.75,74,112.16,0,1,6,3,2011,out
65,Travis Birt,DC,75,5,5,0,27,15.0,58,129.31,0,0,9,2,2011,out
66,Michael Klinger,KTK,73,4,4,0,29,18.25,77,94.8,0,0,9,0,2011,out
67,Manvinder Bisla,KKR,72,5,5,0,27,14.4,89,80.89,0,0,8,0,2011,out
68,Wriddhiman Saha,CSK,68,7,3,2,46,68.0,63,107.93,0,0,2,4,2011,Not_out
69,Amit Mishra,DEC,68,14,9,5,25,17.0,49,138.77,0,0,9,1,2011,Not_out
70,Mohnish Mishra,PWI,67,6,5,1,37,16.75,60,111.66,0,0,5,2,2011,Not_out
71,Tirumalasetti Suman,MI,65,8,7,1,36,10.83,51,127.45,0,0,5,5,2011,out
72,David Hussey,PBKS,64,8,8,2,21,10.66,63,101.58,0,0,3,3,2011,Not_out
73,Abhishek Nayar,PBKS,61,10,9,2,17,8.71,67,91.04,0,0,9,0,2011,Not_out
74,Abhishek Raut,RR,60,7,4,1,25,20.0,58,103.44,0,0,5,1,2011,out
75,Luke Pomersbach,RCB,51,5,4,0,29,12.75,39,130.76,0,0,4,2,2011,out
76,Sourav Ganguly,PWI,50,4,3,1,32,25.0,59,84.74,0,0,3,2,2011,Not_out
77,Mitchell Marsh,PWI,50,5,3,1,37,25.0,49,102.04,0,0,2,3,2011,out
78,Vinay Kumar,KTK,50,13,7,1,18,8.33,47,106.38,0,0,4,1,2011,out
79,Amit Paunikar,RR,49,4,4,0,20,12.25,57,85.96,0,0,9,0,2011,out
80,Callum Ferguson,PWI,48,5,4,2,16,24.0,54,88.88,0,0,6,0,2011,out
81,Piyush Chawla,PBKS,48,12,6,3,15,16.0,55,87.27,0,0,2,2,2011,out
82,Aaron Finch,DC,47,6,6,0,25,7.83,46,102.17,0,0,3,3,2011,out
83,Mandeep Singh,PBKS,47,6,5,1,15,11.75,41,114.63,0,0,4,1,2011,Not_out
84,Raiphi Gomez,KTK,46,11,8,3,26,9.2,50,92.0,0,0,4,1,2011,Not_out
85,VVS Laxman,KTK,44,3,3,0,36,14.66,42,104.76,0,0,3,2,2011,out
86,Sunny Singh,PBKS,43,6,5,1,20,10.75,31,138.7,0,0,6,1,2011,out
87,Graeme Smith,PWI,42,4,4,0,24,10.5,51,82.35,0,0,6,0,2011,out
88,Mohammad Kaif,RCB,41,8,4,1,15,13.66,33,124.24,0,0,5,0,2011,out
89,Morne Morkel,DC,40,11,5,3,16,20.0,25,160.0,0,0,3,2,2011,Not_out
90,Stuart Binny,RR,37,6,2,1,30,37.0,31,119.35,0,0,2,1,2011,out
91,Wayne Parnell,PWI,37,8,5,2,16,12.33,39,94.87,0,0,2,1,2011,out
92,Dale Steyn,DEC,36,12,5,1,13,9.0,35,102.85,0,0,3,0,2011,out
93,Cheteshwar Pujara,RCB,34,7,3,0,25,11.33,31,109.67,0,0,4,0,2011,out
94,Asad Pathan,RCB,33,6,5,1,14,8.25,16,206.25,0,0,5,2,2011,out
95,Ryan Harris,PBKS,31,13,7,2,17,6.2,39,79.48,0,0,3,0,2011,out
96,Shreevats Goswami,KKR,29,5,4,0,22,7.25,29,100.0,0,0,5,0,2011,out
97,Shakib Al Hasan,KKR,29,7,3,1,26,14.5,22,131.81,0,0,4,0,2011,out
98,Ishank Jaggi,DEC,28,2,2,0,25,14.0,37,75.67,0,0,3,0,2011,out
99,Abhimanyu Mithun,RCB,27,12,6,3,11,9.0,20,135.0,0,0,3,1,2011,out
100,Praveen Kumar,PBKS,27,13,7,4,15,9.0,31,87.09,0,0,2,1,2011,Not_out
101,Nathan McCullum,PWI,26,2,2,1,15,26.0,22,118.18,0,0,0,1,2011,out
102,Owais Shah,KTK,26,3,2,0,23,13.0,15,173.33,0,0,1,2,2011,out
103,Rajagopal Sathish,MI,25,9,3,1,18,12.5,34,73.52,0,0,1,0,2011,Not_out
104,Rajat Bhatia,KKR,25,14,6,3,11,8.33,22,113.63,0,0,3,0,2011,out
105,Rahul Sharma,PWI,24,14,5,2,13,8.0,21,114.28,0,0,1,2,2011,out
106,Bipul Sharma,PBKS,23,4,3,2,16,23.0,18,127.77,0,0,1,0,2011,Not_out
107,Thisara Perera,KTK,23,4,2,0,22,11.5,27,85.18,0,0,4,0,2011,out
108,Daniel Vettori,RCB,23,13,4,3,18,23.0,28,82.14,0,0,1,1,2011,Not_out
109,Matthew Wade,DC,22,3,3,0,11,7.33,33,66.66,0,0,0,0,2011,out
110,Colin Ingram,DC,21,3,3,1,13,10.5,26,80.76,0,0,2,0,2011,Not_out
111,Zaheer Khan,RCB,21,15,2,0,21,10.5,24,87.5,0,0,2,0,2011,out
112,Faiz Fazal,RR,19,2,2,0,16,9.5,19,100.0,0,0,3,0,2011,out
113,Y Gnaneswara Rao,KTK,19,2,1,0,19,19.0,17,111.76,0,0,3,0,2011,out
114,Brad Haddin,KKR,18,1,1,0,18,18.0,11,163.63,0,0,2,1,2011,out
115,Sachin Rana,PWI,18,2,1,0,18,18.0,16,112.5,0,0,2,0,2011,out
116,Johan van der Wath,RCB,18,3,3,1,14,9.0,16,112.5,0,0,1,1,2011,Not_out
117,Kedar Jadhav,KTK,18,6,4,1,12,6.0,23,78.26,0,0,1,0,2011,out
118,Dishant Yagnik,RR,16,7,4,3,10,16.0,22,72.72,0,0,1,0,2011,Not_out
119,Syed Mohammad,RCB,15,5,2,2,13,0.0,12,125.0,0,0,2,0,2011,Not_out
120,Iqbal Abdulla,KKR,15,15,2,2,12,0.0,12,125.0,0,0,1,0,2011,Not_out
121,Laxmi Ratan Shukla,KKR,14,1,1,0,14,14.0,10,140.0,0,0,2,0,2011,out
122,Harpreet Singh,PWI,14,2,2,1,13,14.0,20,70.0,0,0,0,0,2011,out
123,Roelof van der Merwe,DC,14,4,4,4,8,0.0,16,87.5,0,0,1,0,2011,Not_out
124,Balachandra Akhil,KTK,13,1,1,0,13,13.0,9,144.44,0,0,0,1,2011,out
125,Sreenath Aravind,RCB,13,13,2,2,11,0.0,8,162.5,0,0,2,0,2011,Not_out
126,Murali Kartik,PWI,12,6,3,2,11,12.0,15,80.0,0,0,1,0,2011,out
127,Ramesh Powar,KTK,11,5,3,2,8,11.0,13,84.61,0,0,0,0,2011,Not_out
128,Dwayne Bravo,CSK,11,6,2,1,6,11.0,6,183.33,0,0,1,1,2011,Not_out
129,Tim Paine,PWI,10,2,2,0,8,5.0,26,38.46,0,0,0,0,2011,out
130,Abhishek Jhunjhunwala,PWI,10,3,2,0,10,5.0,18,55.55,0,0,2,0,2011,out
131,Shaun Tait,RR,10,4,2,1,10,10.0,10,100.0,0,0,1,0,2011,Not_out
132,Shane Warne,RR,10,13,4,2,5,5.0,20,50.0,0,0,1,0,2011,Not_out
133,Siddharth Chitnis,PBKS,9,1,1,0,9,9.0,9,100.0,0,0,1,0,2011,out
134,Swapnil Asnodkar,RR,9,1,1,0,9,9.0,9,100.0,0,0,1,0,2011,out
135,Andrew McDonald,DC,8,1,1,0,8,8.0,7,114.28,0,0,0,0,2011,out
136,Charl Langeveldt,RCB,8,3,1,0,8,8.0,8,100.0,0,0,0,1,2011,out
137,Lasith Malinga,MI,8,16,4,1,7,2.66,9,88.88,0,0,0,1,2011,out
138,Ishan Malhotra,DEC,7,1,1,1,7,0.0,4,175.0,0,0,1,0,2011,Not_out
139,Arun Karthik,RCB,7,3,2,0,6,3.5,8,87.5,0,0,1,0,2011,out
140,Ajit Agarkar,DC,7,7,2,1,7,7.0,6,116.66,0,0,1,0,2011,Not_out
141,Mark Boucher,KKR,6,4,3,2,5,6.0,6,100.0,0,0,0,0,2011,out
142,Pinal Shah,RR,5,2,1,0,5,5.0,5,100.0,0,0,1,0,2011,out
143,Scott Styris,CSK,5,2,1,1,5,0.0,2,250.0,0,0,1,0,2011,Not_out
144,Muttiah Muralitharan,KTK,5,5,1,1,5,0.0,8,62.5,0,0,0,0,2011,Not_out
145,Brett Lee,KKR,5,12,4,1,2,1.66,9,55.55,0,0,0,0,2011,Not_out
146,Sridharan Sriram,DC,4,1,1,0,4,4.0,7,57.14,0,0,0,0,2011,out
147,Shalabh Srivastava,PBKS,4,6,2,2,3,0.0,3,133.33,0,0,0,0,2011,Not_out
148,Ishant Sharma,DEC,4,12,5,5,1,0.0,5,80.0,0,0,0,0,2011,Not_out
149,Lakshmipathy Balaji,KKR,4,14,2,2,3,0.0,2,200.0,0,0,0,0,2011,Not_out
150,Ryan Ninan,RCB,3,2,1,0,3,3.0,6,50.0,0,0,0,0,2011,out
151,Unmukt Chand,DC,2,2,2,0,2,1.0,12,16.66,0,0,0,0,2011,out
152,Ali Murtaza,MI,2,5,1,1,2,0.0,5,40.0,0,0,0,0,2011,Not_out
153,Dhawal Kulkarni,MI,2,6,2,1,2,2.0,4,50.0,0,0,0,0,2011,out
154,Shrikant Wagh,PWI,2,7,2,0,2,1.0,3,66.66,0,0,0,0,2011,out
155,Suraj Randiv,CSK,2,8,1,0,2,2.0,4,50.0,0,0,0,0,2011,out
156,RP Singh,KTK,2,14,5,2,1,0.66,4,50.0,0,0,0,0,2011,Not_out
157,Ravichandran Ashwin,CSK,2,16,2,0,2,1.0,6,33.33,0,0,0,0,2011,out
158,Ankeet Chavan,RR,1,2,1,0,1,1.0,3,33.33,0,0,0,0,2011,out
159,Umesh Yadav,DC,1,7,2,1,1,1.0,5,20.0,0,0,0,0,2011,Not_out
160,Amit Singh,RR,1,9,2,0,1,0.5,4,25.0,0,0,0,0,2011,out
161,Shanthakumaran Sreesanth,KTK,1,9,3,1,1,0.5,9,11.11,0,0,0,0,2011,out
1,Chris Gayle,RCB,733,15,14,2,128,61.08,456,160.74,1,7,46,59,2012,Not_out
2,Gautam Gambhir,KKR,590,17,17,2,93,39.33,411,143.55,0,6,64,17,2012,out
3,Shikhar Dhawan,DEC,569,15,15,1,84,40.64,439,129.61,0,5,58,18,2012,out
4,Ajinkya Rahane,RR,560,16,16,2,103,40.0,433,129.33,1,3,73,10,2012,Not_out
5,Virender Sehwag,DC,495,16,16,1,87,33.0,307,161.23,0,5,57,19,2012,Not_out
6,Cameron White,DEC,479,13,13,2,78,43.54,320,149.68,0,5,41,20,2012,out
7,Rahul Dravid,RR,462,16,16,0,58,28.87,412,112.13,0,2,63,4,2012,out
8,Suresh Raina,CSK,441,19,18,1,73,25.94,325,135.69,0,1,36,19,2012,out
9,Rohit Sharma,MI,433,17,16,2,109,30.92,342,126.6,1,3,39,18,2012,Not_out
10,Mandeep Singh,PBKS,432,16,16,0,75,27.0,342,126.31,0,2,53,7,2012,out
11,Jacques Kallis,KKR,409,17,17,1,79,25.56,384,106.51,0,2,34,10,2012,out
12,Robin Uthappa,PWI,405,16,16,1,69,27.0,343,118.07,0,2,38,10,2012,out
13,Faf du Plessis,CSK,398,13,12,0,73,33.16,304,130.92,0,3,29,17,2012,out
14,David Hussey,PBKS,396,16,15,3,68,33.0,305,129.83,0,2,28,17,2012,Not_out
15,Dwayne Bravo,CSK,371,19,16,8,48,46.37,264,140.53,0,0,20,20,2012,out
16,Virat Kohli,RCB,364,16,15,2,73,28.0,326,111.65,0,2,33,9,2012,Not_out
17,Steve Smith,PWI,362,15,14,5,47,40.22,267,135.58,0,0,24,14,2012,Not_out
18,MS Dhoni,CSK,358,19,17,5,51,29.83,278,128.77,0,1,26,9,2012,Not_out
19,Owais Shah,RR,340,13,13,4,76,37.77,256,132.81,0,3,24,16,2012,out
20,Shaun Marsh,PBKS,336,13,13,2,68,30.54,280,120.0,0,2,39,7,2012,Not_out
21,Murali Vijay,CSK,336,14,14,1,113,25.84,267,125.84,1,0,39,10,2012,out
22,Mahela Jayawardena,DC,335,16,15,3,56,27.91,298,112.41,0,3,39,3,2012,Not_out
23,Ambati Rayudu,MI,333,17,15,6,81,37.0,252,132.14,0,2,21,14,2012,Not_out
24,Sachin Tendulkar,MI,324,13,13,2,74,29.45,283,114.48,0,2,39,4,2012,out
25,AB de Villiers,RCB,319,16,13,5,64,39.87,198,161.11,0,3,26,15,2012,Not_out
26,Kevin Pietersen,DC,305,8,8,3,103,61.0,207,147.34,1,1,22,20,2012,Not_out
27,Brendon McCullum,KKR,289,12,12,0,56,24.08,283,102.12,0,1,37,3,2012,out
28,Tillakaratne Dilshan,RCB,285,10,9,1,76,35.62,261,109.19,0,3,33,5,2012,Not_out
29,Sourav Ganguly,PWI,268,15,15,0,45,17.86,271,98.89,0,0,30,4,2012,out
30,Michael Hussey,CSK,261,8,8,0,56,32.62,236,110.59,0,2,28,8,2012,out
31,Manoj Tiwary,KKR,260,16,15,5,59,26.0,246,105.69,0,1,21,3,2012,out
32,David Warner,DC,256,8,8,1,109,36.57,156,164.1,1,1,28,14,2012,Not_out
33,Jesse Ryder,PWI,256,11,11,1,86,25.6,212,120.75,0,2,23,8,2012,out
34,Shane Watson,RR,255,7,7,1,90,42.5,168,151.78,0,2,26,14,2012,Not_out
35,Naman Ojha,DC,255,18,16,5,64,23.18,224,113.83,0,1,21,13,2012,Not_out
36,Brad Hodge,RR,245,12,12,4,48,30.62,175,140.0,0,0,18,9,2012,Not_out
37,JP Duminy,DEC,244,9,9,6,74,81.33,190,128.42,0,2,13,11,2012,out
38,Dinesh Karthik,MI,238,17,14,1,44,18.3,213,111.73,0,0,30,2,2012,out
39,Mayank Agarwal,RCB,225,16,12,1,64,20.45,158,142.4,0,1,19,15,2012,Not_out
40,James Franklin,MI,220,12,11,2,79,24.44,223,98.65,0,1,15,6,2012,out
41,Kieron Pollard,MI,220,14,11,2,64,24.44,159,138.36,0,2,15,14,2012,out
42,Ashok Menaria,RR,220,15,12,1,40,20.0,202,108.91,0,0,14,8,2012,out
43,Manvinder Bisla,KKR,213,7,7,0,89,30.42,160,133.12,0,1,16,10,2012,out
44,Kumar Sangakkara,DEC,200,12,12,1,82,18.18,184,108.69,0,1,21,4,2012,out
45,Ross Taylor,DC,197,12,12,2,55,19.7,171,115.2,0,1,12,7,2012,out
46,Subramaniam Badrinath,CSK,196,15,9,2,57,28.0,181,108.28,0,1,23,2,2012,out
47,Parthiv Patel,DEC,194,14,13,2,45,17.63,165,117.57,0,0,19,4,2012,out
48,Yusuf Pathan,KKR,194,17,16,6,40,19.4,169,114.79,0,0,10,7,2012,Not_out
49,Saurabh Tiwary,RCB,191,15,11,3,36,23.87,170,112.35,0,0,9,8,2012,Not_out
50,Ravindra Jadeja,CSK,191,19,14,2,48,15.91,151,126.49,0,0,13,9,2012,out
51,Azhar Mahmood,PBKS,186,11,10,2,36,23.25,142,130.98,0,0,16,8,2012,out
52,Irfan Pathan,DC,176,17,12,5,42,25.14,126,139.68,0,0,14,6,2012,Not_out
53,Adam Gilchrist,PBKS,172,7,7,2,64,34.4,143,120.27,0,1,21,4,2012,Not_out
54,Dwayne Smith,MI,157,7,6,2,87,39.25,98,160.2,0,1,18,7,2012,Not_out
55,Yogesh Nagar,DC,152,13,8,3,43,30.4,133,114.28,0,0,13,3,2012,Not_out
56,Dan Christian,DEC,145,7,7,2,39,29.0,118,122.88,0,0,8,6,2012,out
57,Manish Pandey,PWI,143,10,9,2,80,20.42,112,127.67,0,1,12,6,2012,Not_out
58,Nitin Saini,PBKS,140,10,10,0,50,14.0,141,99.29,0,1,16,0,2012,out
59,Venugopal Rao,DC,132,10,7,1,36,22.0,126,104.76,0,0,8,5,2012,out
60,Angelo Mathews,PWI,127,9,8,1,35,18.14,108,117.59,0,0,5,4,2012,out
61,Debabrata Das,KKR,126,15,10,7,35,42.0,93,135.48,0,0,9,6,2012,Not_out
62,Marlon Samuels,PWI,124,8,8,1,46,17.71,123,100.81,0,0,7,5,2012,out
63,Mithun Manhas,PWI,120,10,7,3,42,30.0,96,125.0,0,0,10,4,2012,Not_out
64,Daniel Harris,DEC,111,4,4,0,47,27.75,101,109.9,0,0,11,5,2012,out
65,Harbhajan Singh,MI,108,17,11,2,33,12.0,80,135.0,0,0,14,3,2012,out
66,Albie Morkel,CSK,107,16,12,5,28,15.28,68,157.35,0,0,5,6,2012,out
67,Piyush Chawla,PBKS,106,16,12,4,21,13.25,88,120.45,0,0,9,4,2012,Not_out
68,David Miller,PBKS,98,6,6,3,34,32.66,75,130.66,0,0,6,4,2012,Not_out
69,Michael Clarke,PWI,98,6,6,0,41,16.33,93,105.37,0,0,12,0,2012,out
70,Shakib Al Hasan,KKR,91,8,7,1,42,15.16,74,122.97,0,0,6,3,2012,out
71,Stuart Binny,RR,90,8,6,2,30,22.5,67,134.32,0,0,9,3,2012,out
72,Anustup Majumdar,PWI,87,4,4,0,31,21.75,76,114.47,0,0,7,2,2012,out
73,Gurkeerat Mann Singh,PBKS,86,5,4,1,29,28.66,52,165.38,0,0,12,2,2012,Not_out
74,Richard Levi,MI,83,6,6,0,50,13.83,73,113.69,0,1,10,4,2012,out
75,Herschelle Gibbs,MI,81,3,3,1,66,40.5,88,92.04,0,1,8,2,2012,Not_out
76,Laxmi Ratan Shukla,KKR,75,11,8,2,26,12.5,57,131.57,0,0,4,5,2012,out
77,Akshath Reddy,DEC,73,5,3,0,42,24.33,59,123.72,0,0,6,2,2012,out
78,Bipul Sharma,PBKS,72,5,4,1,35,24.0,47,153.19,0,0,6,3,2012,Not_out
79,Shreevats Goswami,RR,69,11,6,1,24,13.8,67,102.98,0,0,4,1,2012,out
80,Vinay Kumar,RCB,68,15,7,2,25,13.6,62,109.67,0,0,3,2,2012,out
81,Siddharth Chitnis,PBKS,66,6,4,1,38,22.0,62,106.45,0,0,7,1,2012,out
82,Johan Botha,RR,58,11,7,3,14,14.5,54,107.4,0,0,4,1,2012,Not_out
83,Aaron Finch,DC,55,2,2,0,30,27.5,51,107.84,0,0,8,0,2012,out
84,Lasith Malinga,MI,55,14,6,0,17,9.16,53,103.77,0,0,4,3,2012,out
85,Callum Ferguson,PWI,50,4,4,0,23,12.5,63,79.36,0,0,3,0,2012,out
86,Andre Russell,DC,47,4,2,0,31,23.5,26,180.76,0,0,3,3,2012,out
87,Andrew McDonald,RCB,47,4,3,1,30,23.5,35,134.28,0,0,6,2,2012,out
88,Abhishek Nayar,PBKS,45,4,4,1,24,15.0,49,91.83,0,0,2,1,2012,out
89,Brett Lee,KKR,42,10,3,1,25,21.0,20,210.0,0,0,2,4,2012,out
90,Bhuvneshwar Kumar,PWI,40,11,9,6,11,13.33,40,100.0,0,0,4,0,2012,Not_out
91,Kevon Cooper,RR,38,6,4,2,14,19.0,20,190.0,0,0,3,3,2012,out
92,Bharat Chipli,DEC,37,5,4,1,25,12.33,35,105.71,0,0,3,2,2012,Not_out
93,Unmukt Chand,DC,36,2,2,0,18,18.0,34,105.88,0,0,2,3,2012,out
94,Pawan Negi,DC,36,8,4,2,14,18.0,29,124.13,0,0,4,1,2012,out
95,Ashish Reddy,DEC,35,9,6,2,10,8.75,29,120.68,0,0,3,1,2012,Not_out
96,Praveen Kumar,PBKS,35,16,7,4,10,11.66,30,116.66,0,0,2,1,2012,out
97,Rajat Bhatia,KKR,35,17,6,3,12,11.66,28,125.0,0,0,4,0,2012,out
98,Robin Peterson,MI,32,5,5,2,16,10.66,30,106.66,0,0,3,1,2012,Not_out
99,Daniel Vettori,RCB,31,9,6,2,20,7.75,26,119.23,0,0,3,1,2012,out
100,Paul Valthaty,PBKS,30,6,6,0,13,5.0,51,58.82,0,0,4,0,2012,out
101,Murali Kartik,PWI,26,11,4,4,14,0.0,21,123.8,0,0,1,1,2012,Not_out
102,Dishant Yagnik,RR,25,5,3,2,10,25.0,13,192.3,0,0,5,0,2012,Not_out
103,Abhishek Jhunjhunwala,DEC,24,5,3,1,19,12.0,26,92.3,0,0,1,1,2012,out
104,Ryan ten Doeschate,KKR,21,3,3,1,11,10.5,21,100.0,0,0,1,1,2012,out
105,Alfonso Thomas,PWI,19,4,2,0,12,9.5,15,126.66,0,0,1,1,2012,out
106,Srikkanth Anirudha,CSK,19,4,2,2,18,0.0,7,271.42,0,0,1,2,2012,Not_out
107,Wayne Parnell,PWI,19,6,5,1,11,4.75,27,70.37,0,0,2,0,2012,out
108,Dale Steyn,DEC,19,12,6,1,7,3.8,21,90.47,0,0,0,1,2012,out
109,Ryan Harris,PBKS,18,5,2,1,15,18.0,11,163.63,0,0,1,1,2012,Not_out
110,Ankit Sharma,DEC,18,9,4,1,15,6.0,13,138.46,0,0,0,2,2012,out
111,Ravichandran Ashwin,CSK,18,19,5,2,8,6.0,15,120.0,0,0,2,0,2012,out
112,Cheteshwar Pujara,RCB,17,3,3,0,11,5.66,22,77.27,0,0,1,1,2012,out
113,Amit Mishra,DEC,16,14,5,2,8,5.33,20,80.0,0,0,1,0,2012,Not_out
114,Tirumalasetti Suman,MI,15,2,2,0,10,7.5,19,78.94,0,0,1,1,2012,out
115,Ishank Jaggi,DEC,15,3,3,1,10,7.5,21,71.42,0,0,0,0,2012,Not_out
116,Paras Dogra,PBKS,15,3,3,1,6,7.5,24,62.5,0,0,0,0,2012,out
117,Harmeet Singh Bansal,PBKS,15,7,2,1,14,15.0,7,214.28,0,0,3,0,2012,out
118,Brad Hogg,RR,15,9,3,1,13,7.5,16,93.75,0,0,1,0,2012,out
119,Harshal Patel,RCB,15,12,3,1,10,7.5,15,100.0,0,0,1,0,2012,out
120,Mohammad Kaif,RCB,14,1,1,0,14,14.0,16,87.5,0,0,1,0,2012,out
121,Sreenath Aravind,RCB,14,1,1,1,14,0.0,8,175.0,0,0,3,0,2012,Not_out
122,James Faulkner,PBKS,14,2,2,1,11,14.0,13,107.69,0,0,0,0,2012,Not_out
123,Dimitri Mascarenhas,PBKS,14,4,3,0,9,4.66,16,87.5,0,0,1,0,2012,out
124,Doug Bracewell,DC,12,1,1,1,12,0.0,9,133.33,0,0,1,0,2012,Not_out
125,Zaheer Khan,RCB,12,16,5,3,11,6.0,17,70.58,0,0,1,0,2012,Not_out
126,Krishnakant Upadhyay,PWI,11,1,1,1,11,0.0,8,137.5,0,0,0,1,2012,Not_out
127,Ankeet Chavan,RR,11,8,2,1,7,11.0,8,137.5,0,0,2,0,2012,Not_out
128,Ashish Nehra,PWI,11,13,2,2,9,0.0,12,91.66,0,0,1,0,2012,Not_out
129,Dhawal Kulkarni,MI,10,2,1,1,10,0.0,5,200.0,0,0,2,0,2012,Not_out
130,Sunil Narine,KKR,9,15,2,1,9,9.0,7,128.57,0,0,2,0,2012,Not_out
131,Clint McKay,MI,8,2,1,0,8,8.0,15,53.33,0,0,0,0,2012,out
132,Juan Theron,DEC,7,2,1,1,7,0.0,6,116.66,0,0,1,0,2012,Not_out
133,Shadab Jakati,CSK,7,15,2,2,6,0.0,12,58.33,0,0,0,0,2012,Not_out
134,Chris Lynn,DEC,6,1,1,0,6,6.0,9,66.66,0,0,1,0,2012,out
135,Harpreet Singh,PWI,6,1,1,0,6,6.0,6,100.0,0,0,0,0,2012,out
136,Asad Pathan,RCB,6,2,2,1,4,6.0,7,85.71,0,0,0,0,2012,out
137,Glenn Maxwell,DC,6,2,2,1,3,6.0,11,54.54,0,0,0,0,2012,Not_out
138,Wriddhiman Saha,CSK,6,4,1,0,6,6.0,14,42.85,0,0,0,0,2012,out
139,Bhargav Bhatt,PBKS,6,5,1,1,6,0.0,2,300.0,0,0,0,1,2012,Not_out
140,Muttiah Muralitharan,RCB,6,10,2,0,6,3.0,9,66.66,0,0,0,0,2012,out
141,RP Singh,MI,6,11,5,3,3,3.0,12,50.0,0,0,0,0,2012,out
142,Nuwan Kulasekara,CSK,5,5,1,1,5,0.0,3,166.66,0,0,1,0,2012,Not_out
143,Pragyan Ojha,MI,5,9,3,1,4,2.5,14,35.71,0,0,0,0,2012,out
144,Siddharth Trivedi,RR,5,14,1,1,5,0.0,6,83.33,0,0,0,0,2012,Not_out
145,Mohnish Mishra,PWI,4,1,1,0,4,4.0,4,100.0,0,0,1,0,2012,out
146,Dwaraka Ravi Teja,DEC,4,2,2,0,4,2.0,4,100.0,0,0,1,0,2012,out
147,Syed Mohammad,RCB,4,2,1,1,4,0.0,1,400.0,0,0,1,0,2012,Not_out
148,Thisara Perera,MI,4,2,2,1,4,4.0,9,44.44,0,0,0,0,2012,Not_out
149,Manpreet Gony,DEC,4,6,1,0,4,4.0,8,50.0,0,0,0,0,2012,out
150,Parvinder Awana,PBKS,4,12,2,2,4,0.0,5,80.0,0,0,0,0,2012,Not_out
151,Ali Murtaza,PWI,3,1,1,1,3,0.0,5,60.0,0,0,0,0,2012,Not_out
152,Doug Bollinger,CSK,3,6,1,0,3,3.0,5,60.0,0,0,0,0,2012,out
153,Morne Morkel,DC,3,16,4,2,2,1.5,5,60.0,0,0,0,0,2012,Not_out
154,Ashok Dinda,PWI,2,7,1,0,2,2.0,5,40.0,0,0,0,0,2012,out
155,Rahul Sharma,PWI,2,11,5,1,2,0.5,11,18.18,0,0,0,0,2012,out
156,Umesh Yadav,DC,2,17,3,1,1,1.0,7,28.57,0,0,0,0,2012,Not_out
157,Varun Aaron,DC,1,8,2,0,1,0.5,3,33.33,0,0,0,0,2012,out
1,Michael Hussey,CSK,733,17,17,3,95,52.35,566,129.5,0,6,81,17,2013,out
2,Chris Gayle,RCB,708,16,16,4,175,59.0,453,156.29,1,4,57,51,2013,Not_out
3,Virat Kohli,RCB,634,16,16,2,99,45.28,457,138.73,0,6,64,22,2013,out
4,Suresh Raina,CSK,548,18,17,4,100,42.15,365,150.13,1,4,50,18,2013,Not_out
5,Shane Watson,RR,543,16,16,2,101,38.78,380,142.89,1,2,59,22,2013,out
6,Rohit Sharma,MI,538,19,19,5,79,38.42,409,131.54,0,4,35,28,2013,Not_out
7,Dinesh Karthik,MI,510,19,19,1,86,28.33,411,124.08,0,2,54,14,2013,out
8,Ajinkya Rahane,RR,488,18,18,4,68,34.85,458,106.55,0,4,42,11,2013,Not_out
9,Rahul Dravid,RR,471,18,17,1,65,29.43,425,110.82,0,4,64,5,2013,out
10,MS Dhoni,CSK,461,18,16,5,67,41.9,283,162.89,0,4,32,25,2013,Not_out
11,Aaron Finch,PWI,456,14,14,0,67,32.57,336,135.71,0,4,54,16,2013,out
12,Robin Uthappa,PWI,434,16,16,0,75,27.12,371,116.98,0,2,42,12,2013,out
13,Kieron Pollard,MI,420,18,18,8,66,42.0,281,149.46,0,3,27,29,2013,Not_out
14,David Miller,PBKS,418,12,12,5,101,59.71,254,164.56,1,3,28,24,2013,Not_out
15,Dwayne Smith,MI,418,13,13,0,68,32.15,341,122.58,0,4,40,19,2013,out
16,David Warner,DC,410,16,16,3,77,31.53,323,126.93,0,4,41,14,2013,out
17,Gautam Gambhir,KKR,406,16,16,0,60,25.37,343,118.36,0,4,51,5,2013,out
18,AB de Villiers,RCB,360,14,14,4,64,36.0,219,164.38,0,2,34,15,2013,out
19,Yusuf Pathan,KKR,332,16,16,5,72,30.18,240,138.33,0,1,30,14,2013,out
20,Mahela Jayawardena,DC,331,15,15,0,66,22.06,313,105.75,0,2,39,6,2013,out
21,Murali Vijay,CSK,312,15,15,1,55,22.28,286,109.09,0,2,27,8,2013,out
22,Shikhar Dhawan,SRH,311,10,10,2,73,38.87,253,122.92,0,3,37,5,2013,Not_out
23,Jacques Kallis,KKR,311,16,16,1,41,20.73,322,96.58,0,0,35,3,2013,out
24,Eoin Morgan,KKR,307,14,13,2,51,27.9,240,127.91,0,1,28,13,2013,out
25,Shaun Marsh,PBKS,300,8,8,0,77,37.5,249,120.48,0,3,39,4,2013,out
26,Virender Sehwag,DC,295,13,13,1,95,24.58,233,126.6,0,1,41,6,2013,Not_out
27,Adam Gilchrist,PBKS,294,13,13,1,85,24.5,229,128.38,0,1,41,6,2013,Not_out
28,Parthiv Patel,SRH,294,13,13,0,61,22.61,255,115.29,0,1,37,4,2013,out
29,Brad Hodge,RR,293,17,14,7,54,41.85,218,134.4,0,1,27,9,2013,Not_out
30,Stuart Binny,RR,293,17,16,7,41,32.55,199,147.23,0,0,25,12,2013,Not_out
31,Sachin Tendulkar,MI,287,14,14,1,54,22.07,231,124.24,0,1,38,5,2013,out
32,Ambati Rayudu,MI,265,19,17,3,37,18.92,231,114.71,0,0,22,4,2013,out
33,Mandeep Singh,PBKS,260,16,14,1,77,20.0,223,116.59,0,1,36,0,2013,Not_out
34,Manvinder Bisla,KKR,255,14,14,1,92,19.61,236,108.05,0,2,36,6,2013,out
35,Hanuma Vihari,SRH,241,17,17,3,46,17.21,278,86.69,0,0,17,1,2013,out
36,Yuvraj Singh,PWI,238,13,13,1,34,19.83,190,125.26,0,0,14,15,2013,out
37,David Hussey,PBKS,235,12,11,1,41,23.5,209,112.44,0,0,20,6,2013,out
38,Thisara Perera,SRH,233,16,14,4,40,23.3,163,142.94,0,0,12,14,2013,out
39,Cameron White,SRH,209,13,13,1,52,17.41,191,109.42,0,1,18,7,2013,out
40,Sanju Samson,RR,206,11,10,2,63,25.75,178,115.73,0,1,19,5,2013,out
41,Ravindra Jadeja,CSK,201,18,14,6,38,25.12,135,148.88,0,0,17,6,2013,Not_out
42,Azhar Mahmood,PBKS,196,11,10,0,80,19.6,154,127.27,0,2,22,5,2013,out
43,Ben Rohrer,DC,193,8,8,2,64,32.16,140,137.85,0,1,21,5,2013,Not_out
44,Darren Sammy,SRH,174,10,9,3,60,29.0,132,131.81,0,1,11,10,2013,out
45,Angelo Mathews,PWI,172,11,10,3,40,24.57,139,123.74,0,0,5,10,2013,out
46,Moises Henriques,RCB,165,10,9,5,44,41.25,125,132.0,0,0,20,3,2013,out
47,Manan Vohra,PBKS,161,12,10,2,43,20.12,117,137.6,0,0,22,2,2013,Not_out
48,Steve Smith,PWI,159,7,7,3,41,39.75,132,120.45,0,0,15,4,2013,out
49,Unmukt Chand,DC,158,9,9,0,41,17.55,158,100.0,0,0,17,4,2013,out
50,Kedar Jadhav,DC,152,12,10,3,31,21.71,124,122.58,0,0,8,5,2013,out
51,Manoj Tiwary,KKR,146,10,9,1,33,18.25,140,104.28,0,0,12,1,2013,out
52,Irfan Pathan,DC,142,15,13,5,24,17.75,152,93.42,0,0,9,3,2013,out
53,Mitchell Marsh,PWI,140,9,8,1,38,20.0,106,132.07,0,0,6,10,2013,out
54,Manish Pandey,PWI,136,7,7,1,66,22.66,137,99.27,0,1,11,3,2013,out
55,Manpreet Juneja,DC,125,7,7,0,49,17.85,128,97.65,0,0,11,1,2013,out
56,Ashish Reddy,SRH,125,12,10,4,36,20.83,89,140.44,0,0,8,5,2013,Not_out
57,Dishant Yagnik,RR,125,12,9,1,34,15.62,96,130.2,0,0,17,2,2013,out
58,Subramaniam Badrinath,CSK,124,18,8,1,34,17.71,121,102.47,0,0,11,0,2013,out
59,Aditya Tare,MI,123,5,5,0,59,24.6,84,146.42,0,1,14,5,2013,out
60,Biplap Samantray,SRH,123,8,7,2,55,24.6,111,110.81,0,1,13,2,2013,out
61,Dwayne Bravo,CSK,121,18,12,4,23,15.12,106,114.15,0,0,11,3,2013,Not_out
62,Kumar Sangakkara,SRH,120,9,9,0,28,13.33,136,88.23,0,0,13,0,2013,out
63,Harbhajan Singh,MI,116,19,14,8,25,19.33,79,146.83,0,0,12,5,2013,Not_out
64,Rajagopal Sathish,PBKS,109,9,8,3,27,21.8,77,141.55,0,0,9,5,2013,Not_out
65,Saurabh Tiwary,RCB,109,9,6,2,52,27.25,106,102.83,0,1,4,4,2013,out
66,Gurkeerat Mann Singh,PBKS,108,11,9,1,31,13.5,95,113.68,0,0,10,3,2013,out
67,Luke Wright,PWI,106,6,6,1,44,21.2,60,176.66,0,0,16,3,2013,out
68,Rajat Bhatia,KKR,99,15,10,4,26,16.5,80,123.75,0,0,8,3,2013,Not_out
69,Cheteshwar Pujara,RCB,92,4,4,0,51,23.0,99,92.92,0,1,14,0,2013,out
70,Akshath Reddy,SRH,91,7,7,0,27,13.0,101,90.09,0,0,9,0,2013,out
71,Amit Mishra,SRH,89,17,8,2,30,14.83,96,92.7,0,0,9,0,2013,out
72,Ryan ten Doeschate,KKR,85,4,4,1,42,28.33,63,134.92,0,0,9,2,2013,out
73,Karn Sharma,SRH,85,13,7,3,39,21.25,86,98.83,0,0,6,2,2013,Not_out
74,Tillakaratne Dilshan,RCB,76,5,5,0,33,15.2,93,81.72,0,0,12,0,2013,out
75,Debabrata Das,KKR,75,10,6,1,23,15.0,74,101.35,0,0,5,5,2013,out
76,Wriddhiman Saha,CSK,70,3,3,0,39,23.33,56,125.0,0,0,6,4,2013,out
77,Vinay Kumar,RCB,70,16,5,4,26,70.0,44,159.09,0,0,6,3,2013,Not_out
78,Mayank Agarwal,RCB,67,5,5,0,29,13.4,62,108.06,0,0,6,3,2013,out
79,Abhishek Nayar,PWI,66,11,9,3,25,11.0,73,90.41,0,0,5,0,2013,Not_out
80,Piyush Chawla,PBKS,64,16,11,5,23,10.66,57,112.28,0,0,5,3,2013,out
81,Ross Taylor,PWI,63,5,5,0,19,12.6,76,82.89,0,0,2,1,2013,out
82,Luke Pomersbach,PBKS,58,3,3,1,33,29.0,59,98.3,0,0,5,1,2013,Not_out
83,Morne Morkel,DC,57,10,6,1,23,11.4,29,196.55,0,0,6,3,2013,Not_out
84,James Faulkner,RR,57,16,9,4,19,11.4,57,100.0,0,0,5,2,2013,Not_out
85,Dale Steyn,SRH,53,17,8,6,18,26.5,36,147.22,0,0,5,2,2013,Not_out
86,Ricky Ponting,MI,52,6,5,0,28,10.4,75,69.33,0,0,3,1,2013,out
87,Tirumalasetti Suman,PWI,52,7,5,0,23,10.4,58,89.65,0,0,8,0,2013,out
88,Bhuvneshwar Kumar,PWI,52,16,9,2,24,7.42,71,73.23,0,0,3,1,2013,Not_out
89,Praveen Kumar,PBKS,47,15,7,1,24,7.83,39,120.51,0,0,3,3,2013,out
90,Albie Morkel,CSK,46,8,3,0,23,15.33,37,124.32,0,0,2,3,2013,out
91,Manpreet Gony,PBKS,45,8,5,1,42,11.25,25,180.0,0,0,4,3,2013,out
92,Chidhambaram Gautam,DC,44,3,3,1,30,22.0,34,129.41,0,0,4,1,2013,out
93,Johan Botha,DC,43,6,6,0,23,7.16,52,82.69,0,0,5,1,2013,out
94,Arun Karthik,RCB,41,12,5,2,19,13.66,38,107.89,0,0,3,1,2013,Not_out
95,Kevon Cooper,RR,39,14,5,1,26,9.75,22,177.27,0,0,4,2,2013,out
96,Mitchell Johnson,MI,39,17,6,2,11,9.75,36,108.33,0,0,2,2,2013,out
97,Ravi Rampaul,RCB,38,10,6,2,23,9.5,37,102.7,0,0,3,1,2013,Not_out
98,Umesh Yadav,DC,38,16,8,7,12,38.0,38,100.0,0,0,3,1,2013,Not_out
99,Glenn Maxwell,MI,36,3,3,1,23,18.0,27,133.33,0,0,1,4,2013,out
100,Ravichandran Ashwin,CSK,35,18,5,1,11,8.75,49,71.42,0,0,4,0,2013,Not_out
101,Kane Richardson,PWI,34,3,2,0,26,17.0,36,94.44,0,0,2,1,2013,out
102,Owais Shah,RR,25,2,2,0,24,12.5,23,108.69,0,0,2,0,2013,out
103,Sumit Narwal,KKR,23,2,1,0,23,23.0,15,153.33,0,0,4,0,2013,out
104,Jeevan Mendis,DC,23,3,3,0,12,7.66,27,85.18,0,0,0,0,2013,out
105,Roelof van der Merwe,DC,22,3,2,0,14,11.0,25,88.0,0,0,2,0,2013,out
106,Brett Lee,KKR,21,3,2,1,16,21.0,12,175.0,0,0,1,2,2013,Not_out
107,Rishi Dhawan,MI,21,6,4,1,14,7.0,21,100.0,0,0,3,0,2013,out
108,Sunil Narine,KKR,21,16,6,3,13,7.0,19,110.52,0,0,0,2,2013,out
109,KL Rahul,RCB,20,5,2,0,12,10.0,16,125.0,0,0,4,0,2013,out
110,Abhinav Mukund,RCB,19,1,1,0,19,19.0,21,90.47,0,0,1,0,2013,out
111,Bharat Chipli,DC,16,1,1,0,16,16.0,18,88.88,0,0,1,1,2013,out
112,Dwaraka Ravi Teja,SRH,14,2,2,1,10,14.0,17,82.35,0,0,0,0,2013,out
113,Kushal Janith Perera,RR,14,2,2,0,14,7.0,13,107.69,0,0,3,0,2013,out
114,Shahbaz Nadeem,DC,14,12,6,1,6,2.8,27,51.85,0,0,1,0,2013,out
115,Chris Morris,CSK,14,16,6,4,7,7.0,16,87.5,0,0,0,0,2013,Not_out
116,Mithun Manhas,PWI,13,3,2,2,11,0.0,17,76.47,0,0,1,0,2013,Not_out
117,Ajit Agarkar,DC,12,4,2,1,9,12.0,16,75.0,0,0,0,0,2013,Not_out
118,Andre Russell,DC,11,3,2,0,7,5.5,14,78.57,0,0,0,0,2013,out
119,Rahul Sharma,PWI,11,11,6,2,10,2.75,17,64.7,0,0,1,0,2013,Not_out
120,Thalaivan Sargunam,SRH,10,1,1,0,10,10.0,17,58.82,0,0,0,0,2013,out
121,Syed Mohammad,RCB,10,4,2,0,9,5.0,13,76.92,0,0,1,0,2013,out
122,Sachithra Senanayake,KKR,10,8,4,3,7,10.0,17,58.82,0,0,0,0,2013,Not_out
123,Nathan Coulter-Nile,MI,9,1,1,0,9,9.0,6,150.0,0,0,0,1,2013,out
124,Karun Nair,RCB,9,2,2,0,9,4.5,12,75.0,0,0,0,0,2013,out
125,Naman Ojha,DC,9,2,2,1,9,9.0,10,90.0,0,0,1,0,2013,out
126,Ashok Dinda,PWI,9,13,5,3,6,4.5,11,81.81,0,0,1,0,2013,Not_out
127,Lakshmipathy Balaji,KKR,9,13,3,2,9,9.0,10,90.0,0,0,1,0,2013,Not_out
128,Lasith Malinga,MI,9,17,6,2,7,2.25,18,50.0,0,0,1,0,2013,out
129,Marlon Samuels,PWI,8,2,2,0,5,4.0,18,44.44,0,0,1,0,2013,out
130,Iqbal Abdulla,KKR,8,5,2,2,6,0.0,14,57.14,0,0,0,0,2013,Not_out
131,Udit Birla,PWI,7,2,1,0,7,7.0,14,50.0,0,0,1,0,2013,out
132,Siddarth Kaul,DC,7,6,2,2,7,0.0,9,77.77,0,0,0,0,2013,Not_out
133,Brendon McCullum,KKR,6,1,1,0,6,6.0,7,85.71,0,0,1,0,2013,out
134,Paul Valthaty,PBKS,6,1,1,0,6,6.0,17,35.29,0,0,0,0,2013,out
135,Dan Christian,RCB,6,2,2,0,4,3.0,15,40.0,0,0,0,0,2013,out
136,Quinton de Kock,SRH,6,3,3,0,4,2.0,15,40.0,0,0,1,0,2013,out
137,Dimitri Mascarenhas,PBKS,5,1,1,1,5,0.0,5,100.0,0,0,0,0,2013,Not_out
138,Paras Dogra,KKR,5,1,1,0,5,5.0,8,62.5,0,0,0,0,2013,out
139,Mahesh Rawat,PWI,5,2,2,1,5,5.0,11,45.45,0,0,0,0,2013,out
140,Parveez Rasool,PWI,5,2,2,1,4,5.0,9,55.55,0,0,0,0,2013,Not_out
141,Ali Murtaza,PWI,5,3,1,0,5,5.0,4,125.0,0,0,1,0,2013,out
142,Mohammad Shami,KKR,5,3,1,0,5,5.0,10,50.0,0,0,0,0,2013,out
143,Wayne Parnell,PWI,5,4,1,0,5,5.0,7,71.42,0,0,0,0,2013,out
144,Ben Laughlin,CSK,4,2,2,1,4,4.0,9,44.44,0,0,0,0,2013,Not_out
145,Pradeep Sangwan,KKR,4,2,1,1,4,0.0,2,200.0,0,0,1,0,2013,Not_out
146,Raiphi Gomez,PWI,4,2,1,1,4,0.0,1,400.0,0,0,1,0,2013,Not_out
147,Ajit Chandila,RR,4,8,1,1,4,0.0,6,66.66,0,0,0,0,2013,Not_out
148,Ryan McLaren,KKR,3,2,2,0,2,1.5,6,50.0,0,0,0,0,2013,out
149,Harmeet Singh Bansal,PBKS,3,3,1,0,3,3.0,4,75.0,0,0,0,0,2013,out
150,Pravin Tambe,RR,3,3,1,1,3,0.0,6,50.0,0,0,0,0,2013,Not_out
151,Laxmi Ratan Shukla,KKR,3,4,2,0,2,1.5,12,25.0,0,0,0,0,2013,out
152,Sachin Baby,RR,3,4,1,0,3,3.0,7,42.85,0,0,0,0,2013,out
153,Siddharth Trivedi,RR,3,17,2,1,3,3.0,7,42.85,0,0,0,0,2013,out
154,Abhimanyu Mithun,RCB,2,1,1,0,2,2.0,2,100.0,0,0,0,0,2013,out
155,Ajantha Mendis,PWI,2,3,1,0,2,2.0,4,50.0,0,0,0,0,2013,out
156,Ryan Harris,PBKS,2,3,2,1,2,2.0,5,40.0,0,0,0,0,2013,Not_out
157,Murali Kartik,RCB,2,11,2,1,2,2.0,3,66.66,0,0,0,0,2013,Not_out
158,Pragyan Ojha,MI,2,16,3,2,1,2.0,4,50.0,0,0,0,0,2013,Not_out
1,Robin Uthappa,KKR,660,16,16,1,83,44.0,479,137.78,0,5,74,18,2014,Not_out
2,Dwayne Smith,CSK,566,16,16,0,79,35.37,416,136.05,0,5,50,34,2014,out
3,Glenn Maxwell,PBKS,552,16,16,0,95,34.5,294,187.75,0,4,48,36,2014,out
4,David Warner,SRH,528,14,14,3,90,48.0,375,140.8,0,6,39,24,2014,out
5,Suresh Raina,CSK,523,16,16,3,87,40.23,358,146.08,0,5,51,19,2014,out
6,Virender Sehwag,PBKS,455,17,17,0,122,26.76,315,144.44,1,1,56,18,2014,out
7,David Miller,PBKS,446,16,16,6,66,44.6,299,149.16,0,3,34,21,2014,out
8,JP Duminy,DC,410,14,14,6,67,51.25,305,134.42,0,2,22,20,2014,Not_out
9,Brendon McCullum,CSK,405,14,14,1,71,31.15,333,121.62,0,3,32,19,2014,Not_out
10,Manish Pandey,KKR,401,16,16,3,94,30.84,340,117.94,0,2,35,10,2014,out
11,AB de Villiers,RCB,395,14,13,2,89,35.9,249,158.63,0,3,26,24,2014,Not_out
12,Lendl Simmons,MI,394,8,8,1,100,56.28,291,135.39,1,3,43,14,2014,Not_out
13,Rohit Sharma,MI,390,15,15,2,59,30.0,302,129.13,0,3,31,16,2014,Not_out
14,Shikhar Dhawan,SRH,377,14,14,1,64,29.0,319,118.18,0,2,49,7,2014,Not_out
15,Yuvraj Singh,RCB,376,14,14,3,83,34.18,278,135.25,0,3,22,28,2014,out
16,MS Dhoni,CSK,371,16,15,10,57,74.2,250,148.4,0,1,22,20,2014,Not_out
17,Wriddhiman Saha,PBKS,362,17,13,2,115,32.9,249,145.38,1,2,33,18,2014,Not_out
18,Ambati Rayudu,MI,361,15,14,0,68,25.78,287,125.78,0,2,31,8,2014,out
19,Virat Kohli,RCB,359,14,14,1,73,27.61,294,122.1,0,2,23,16,2014,out
20,Ajinkya Rahane,RR,339,13,12,0,72,28.25,291,116.49,0,3,38,3,2014,out
21,Sanju Samson,RR,339,13,13,0,74,26.07,273,124.17,0,2,25,17,2014,out
22,Gautam Gambhir,KKR,335,16,16,1,69,22.33,293,114.33,0,3,36,4,2014,out
23,Karun Nair,RR,330,11,11,1,73,33.0,232,142.24,0,3,38,9,2014,Not_out
24,Dinesh Karthik,DC,325,14,14,0,69,23.21,258,125.96,0,3,28,11,2014,out
25,Manan Vohra,PBKS,324,8,8,0,67,40.5,233,139.05,0,1,27,16,2014,out
26,Aaron Finch,SRH,309,13,13,2,88,28.09,263,117.49,0,2,31,9,2014,Not_out
27,Faf du Plessis,CSK,303,15,12,1,54,27.54,235,128.93,0,2,26,7,2014,Not_out
28,Kevin Pietersen,DC,294,11,11,1,58,29.4,233,126.18,0,1,34,7,2014,out
29,Kieron Pollard,MI,273,15,15,7,78,34.12,203,134.48,0,1,15,15,2014,out
30,Yusuf Pathan,KKR,268,15,12,3,72,29.77,165,162.42,0,1,15,20,2014,out
31,Corey Anderson,MI,265,12,11,2,95,29.44,181,146.4,0,1,21,15,2014,Not_out
32,George Bailey,PBKS,257,17,16,7,40,28.55,190,135.26,0,0,19,10,2014,Not_out
33,Shane Watson,RR,240,13,13,1,51,20.0,196,122.44,0,2,19,14,2014,out
34,Naman Ojha,SRH,232,11,10,4,79,38.66,161,144.09,0,1,14,17,2014,Not_out
35,Shakib Al Hasan,KKR,227,13,11,4,60,32.42,152,149.34,0,1,22,7,2014,out
36,Michael Hussey,MI,209,9,9,0,56,23.22,182,114.83,0,2,17,7,2014,out
37,Murali Vijay,DC,207,11,11,0,52,18.81,192,107.81,0,1,20,5,2014,out
38,Parthiv Patel,RCB,205,12,12,2,57,20.5,185,110.81,0,1,30,1,2014,Not_out
39,Chris Gayle,RCB,196,9,9,0,46,21.77,184,106.52,0,0,18,12,2014,out
40,James Faulkner,RR,181,13,12,8,41,45.25,94,192.55,0,0,8,16,2014,Not_out
41,KL Rahul,SRH,166,11,8,0,46,20.75,164,101.21,0,0,12,3,2014,out
42,Suryakumar Yadav,KKR,164,16,10,5,34,32.8,117,140.17,0,0,16,5,2014,out
43,Quinton de Kock,DC,153,7,7,0,48,21.85,130,117.69,0,0,19,4,2014,out
44,Manoj Tiwary,DC,152,8,8,3,61,30.4,118,128.81,0,1,14,4,2014,Not_out
45,Jacques Kallis,KKR,151,8,7,1,72,25.16,129,117.05,0,1,13,4,2014,out
46,Kedar Jadhav,DC,149,10,10,5,37,29.8,101,147.52,0,0,13,7,2014,out
47,Steve Smith,RR,147,10,7,3,48,36.75,110,133.63,0,0,13,4,2014,Not_out
48,Ravindra Jadeja,CSK,146,16,10,5,36,29.2,110,132.72,0,0,9,5,2014,Not_out
49,Aditya Tare,MI,126,15,12,4,24,15.75,98,128.57,0,0,16,3,2014,out
50,Cheteshwar Pujara,PBKS,125,6,6,1,40,25.0,124,100.8,0,0,17,0,2014,Not_out
51,Stuart Binny,RR,123,13,12,2,48,12.3,121,101.65,0,0,4,5,2014,Not_out
52,Chidhambaram Gautam,MI,121,9,9,2,33,17.28,111,109.0,0,0,13,5,2014,out
53,David Hussey,CSK,116,5,4,2,50,58.0,94,123.4,0,1,8,6,2014,Not_out
54,Mayank Agarwal,DC,115,8,8,0,31,14.37,91,126.37,0,0,12,3,2014,out
55,Darren Sammy,SRH,108,10,9,2,29,15.42,91,118.68,0,0,4,8,2014,out
56,Yogesh Takawale,RCB,104,5,5,0,45,20.8,91,114.28,0,0,17,1,2014,out
57,Brad Hodge,RR,101,4,4,1,40,33.66,72,140.27,0,0,4,6,2014,out
58,Mitchell Starc,RCB,85,14,9,3,29,14.16,84,101.19,0,0,9,0,2014,out
59,Rishi Dhawan,PBKS,82,13,6,4,23,41.0,75,109.33,0,0,8,1,2014,Not_out
60,Sachin Rana,RCB,73,9,7,4,19,24.33,65,112.3,0,0,7,1,2014,Not_out
61,Venugopal Rao,SRH,71,7,5,2,27,23.66,63,112.69,0,0,8,0,2014,out
62,Shaun Marsh,PBKS,70,2,2,0,40,35.0,52,134.61,0,0,7,3,2014,out
63,Rajat Bhatia,RR,67,12,7,2,23,13.4,53,126.41,0,0,4,3,2014,out
64,Axar Patel,PBKS,62,17,8,2,42,10.33,60,103.33,0,0,6,1,2014,Not_out
65,Ross Taylor,DC,59,4,4,1,43,19.66,59,100.0,0,0,6,0,2014,Not_out
66,Chris Lynn,KKR,58,2,2,0,45,29.0,49,118.36,0,0,5,3,2014,out
67,Mitchell Johnson,PBKS,56,14,8,5,16,18.66,50,112.0,0,0,4,3,2014,Not_out
68,Irfan Pathan,SRH,55,10,6,4,23,27.5,54,101.85,0,0,5,0,2014,Not_out
69,Ryan ten Doeschate,KKR,52,10,7,3,25,13.0,33,157.57,0,0,3,4,2014,Not_out
70,Albie Morkel,RCB,45,7,5,2,16,15.0,41,109.75,0,0,1,3,2014,out
71,Ravichandran Ashwin,CSK,45,16,6,3,14,15.0,45,100.0,0,0,4,0,2014,out
72,Abhishek Nayar,RR,43,5,4,1,23,14.33,47,91.48,0,0,5,1,2014,out
73,Jimmy Neesham,DC,42,4,3,0,22,14.0,46,91.3,0,0,3,1,2014,out
74,Karn Sharma,SRH,42,14,8,4,17,10.5,29,144.82,0,0,1,3,2014,Not_out
75,Ben Dunk,MI,40,3,3,0,20,13.33,35,114.28,0,0,7,0,2014,out
76,Rilee Rossouw,RCB,39,3,3,0,24,13.0,41,95.12,0,0,2,2,2014,out
77,Kevon Cooper,RR,39,5,5,2,32,13.0,26,150.0,0,0,2,3,2014,out
78,Dhawal Kulkarni,RR,35,8,2,2,28,0.0,25,140.0,0,0,1,2,2014,Not_out
79,Varun Aaron,RCB,35,10,3,3,17,0.0,34,102.94,0,0,2,1,2014,Not_out
80,Mithun Manhas,CSK,35,12,5,3,13,17.5,23,152.17,0,0,3,1,2014,Not_out
81,Ankit Sharma,RR,34,3,2,0,30,17.0,30,113.33,0,0,4,1,2014,out
82,Laxmi Ratan Shukla,DC,31,5,3,0,21,10.33,38,81.57,0,0,2,1,2014,out
83,Piyush Chawla,KKR,31,11,5,2,17,10.33,19,163.15,0,0,4,1,2014,Not_out
84,Vijay Zol,RCB,29,3,2,0,16,14.5,26,111.53,0,0,3,1,2014,out
85,Harbhajan Singh,MI,28,14,7,2,10,5.6,25,112.0,0,0,2,2,2014,Not_out
86,Mandeep Singh,PBKS,24,3,3,0,21,8.0,26,92.3,0,0,2,0,2014,out
87,Dale Steyn,SRH,22,14,4,1,12,7.33,26,84.61,0,0,1,0,2014,out
88,Rahul Shukla,DC,18,3,3,2,14,18.0,21,85.71,0,0,2,0,2014,out
89,Jason Holder,SRH,16,1,1,0,16,16.0,12,133.33,0,0,2,1,2014,out
90,Nic Maddinson,RCB,16,2,2,0,12,8.0,14,114.28,0,0,3,0,2014,out
91,Rahul Tewatia,RR,16,3,1,0,16,16.0,13,123.07,0,0,0,1,2014,out
92,Ravi Rampaul,RCB,13,2,1,0,13,13.0,13,100.0,0,0,0,1,2014,out
93,Harshal Patel,RCB,13,3,3,1,6,6.5,7,185.71,0,0,1,1,2014,out
94,Shreyas Gopal,MI,11,4,1,0,11,11.0,10,110.0,0,0,1,0,2014,out
95,Sunil Narine,KKR,10,16,5,3,6,5.0,14,71.42,0,0,0,0,2014,out
96,Moises Henriques,SRH,9,4,2,0,9,4.5,14,64.28,0,0,1,0,2014,out
97,Ben Cutting,RR,8,1,1,0,8,8.0,6,133.33,0,0,0,1,2014,out
98,Dwayne Bravo,CSK,8,1,1,1,8,0.0,3,266.66,0,0,0,1,2014,Not_out
99,Imran Tahir,DC,8,6,2,0,4,4.0,10,80.0,0,0,2,0,2014,out
100,Zaheer Khan,MI,8,6,4,3,7,8.0,7,114.28,0,0,0,1,2014,Not_out
101,Shahbaz Nadeem,DC,7,11,3,1,3,3.5,19,36.84,0,0,0,0,2014,Not_out
102,Shivam Sharma,PBKS,5,4,2,1,4,5.0,3,166.66,0,0,1,0,2014,out
103,Pravin Tambe,RR,5,13,2,0,3,2.5,9,55.55,0,0,0,0,2014,out
104,Dishant Yagnik,RR,4,1,1,1,4,0.0,6,66.66,0,0,0,0,2014,Not_out
105,Tim Southee,RR,4,3,1,0,4,4.0,4,100.0,0,0,1,0,2014,out
106,Abu Nechim,RCB,4,4,1,1,4,0.0,1,400.0,0,0,1,0,2014,Not_out
107,Ashok Dinda,RCB,4,9,3,2,2,4.0,12,33.33,0,0,0,0,2014,Not_out
108,Vinay Kumar,KKR,4,9,4,2,4,2.0,6,66.66,0,0,0,0,2014,out
109,Amit Mishra,SRH,4,10,2,1,4,4.0,7,57.14,0,0,0,0,2014,Not_out
110,Morne Morkel,KKR,4,12,2,2,4,0.0,3,133.33,0,0,0,0,2014,Not_out
111,Manvinder Bisla,KKR,3,1,1,0,3,3.0,9,33.33,0,0,0,0,2014,out
112,Srikkanth Anirudha,SRH,3,1,1,0,3,3.0,5,60.0,0,0,0,0,2014,out
113,Mohammad Shami,DC,3,12,4,2,1,1.5,7,42.85,0,0,0,0,2014,Not_out
114,Unmukt Chand,RR,2,1,1,0,2,2.0,9,22.22,0,0,0,0,2014,out
115,Andre Russell,KKR,2,2,2,0,1,1.0,8,25.0,0,0,0,0,2014,out
116,Siddarth Kaul,DC,2,5,1,1,2,0.0,2,100.0,0,0,0,0,2014,Not_out
117,Wayne Parnell,DC,2,8,2,1,2,2.0,2,100.0,0,0,0,0,2014,out
118,Lasith Malinga,MI,2,10,1,0,2,2.0,4,50.0,0,0,0,0,2014,out
119,Sandeep Sharma,PBKS,2,11,1,1,2,0.0,5,40.0,0,0,0,0,2014,Not_out
120,Umesh Yadav,KKR,2,12,1,0,2,2.0,4,50.0,0,0,0,0,2014,out
121,Marchant de Lange,MI,1,1,1,0,1,1.0,2,50.0,0,0,0,0,2014,out
122,Vikramjeet Malik,RR,1,1,1,1,1,0.0,2,50.0,0,0,0,0,2014,Not_out
123,Praveen Kumar,MI,1,3,1,0,1,1.0,2,50.0,0,0,0,0,2014,out
124,Karanveer Singh,PBKS,1,5,1,1,1,0.0,1,100.0,0,0,0,0,2014,Not_out
125,Kane Richardson,RR,1,7,1,0,1,1.0,2,50.0,0,0,0,0,2014,out
126,Jaydev Unadkat,DC,1,9,2,1,1,1.0,6,16.66,0,0,0,0,2014,Not_out
127,Lakshmipathy Balaji,PBKS,1,9,2,1,1,1.0,3,33.33,0,0,0,0,2014,Not_out
128,Jasprit Bumrah,MI,1,11,2,2,1,0.0,3,33.33,0,0,0,0,2014,Not_out
129,Bhuvneshwar Kumar,SRH,1,14,2,1,1,1.0,4,25.0,0,0,0,0,2014,out
130,Yuzvendra Chahal,RCB,1,14,2,2,1,0.0,1,100.0,0,0,0,0,2014,Not_out
131,Mohit Sharma,CSK,1,16,1,1,1,0.0,3,33.33,0,0,0,0,2014,Not_out
132,Beuran Hendricks,PBKS,0,3,1,0,0,0.0,1,0.0,0,0,0,0,2014,Not_out
1,David Warner,SRH,562,14,14,1,91,43.23,359,156.54,0,7,65,21,2015,out
2,Lendl Simmons,MI,540,13,13,1,71,45.0,441,122.44,0,6,56,21,2015,out
3,Ajinkya Rahane,RR,540,14,13,2,91,49.09,413,130.75,0,4,53,13,2015,Not_out
4,AB de Villiers,RCB,513,16,14,3,133,46.63,293,175.08,1,2,60,22,2015,Not_out
5,Virat Kohli,RCB,505,16,16,5,82,45.9,386,130.82,0,3,35,23,2015,Not_out
6,Chris Gayle,RCB,491,14,14,2,117,40.91,333,147.44,1,2,39,38,2015,out
7,Rohit Sharma,MI,482,16,16,2,98,34.42,333,144.74,0,3,41,21,2015,Not_out
8,Shreyas Iyer,DC,439,14,14,1,83,33.76,342,128.36,0,4,41,21,2015,out
9,Brendon McCullum,CSK,436,14,14,1,100,33.53,280,155.71,1,2,51,23,2015,Not_out
10,Kieron Pollard,MI,419,16,14,3,70,38.09,256,163.67,0,2,28,28,2015,out
11,JP Duminy,DC,414,14,13,3,78,41.4,315,131.42,0,4,27,20,2015,Not_out
12,Dwayne Smith,CSK,399,16,16,0,62,24.93,335,119.1,0,2,52,16,2015,out
13,Faf du Plessis,CSK,380,17,15,2,55,29.23,304,125.0,0,1,37,5,2015,out
14,Suresh Raina,CSK,374,17,17,2,62,24.93,304,123.02,0,2,31,16,2015,out
15,MS Dhoni,CSK,372,17,17,5,53,31.0,305,121.96,0,1,27,17,2015,out
16,Robin Uthappa,KKR,364,13,13,1,80,30.33,277,131.4,0,1,42,7,2015,Not_out
17,David Miller,PBKS,357,13,13,2,89,32.45,266,134.21,0,2,21,21,2015,Not_out
18,Shikhar Dhawan,SRH,353,14,14,1,54,27.15,286,123.42,0,3,45,6,2015,out
19,Shane Watson,RR,347,10,9,1,104,43.37,257,135.01,1,1,37,14,2015,Not_out
20,Parthiv Patel,MI,339,14,14,1,59,26.07,246,137.8,0,2,47,5,2015,out
21,Gautam Gambhir,KKR,327,13,13,0,60,25.15,278,117.62,0,3,41,4,2015,out
22,Andre Russell,KKR,326,13,11,2,66,36.22,169,192.89,0,3,35,19,2015,out
23,Yusuf Pathan,KKR,312,13,12,5,52,44.57,231,135.06,0,1,29,12,2015,out
24,Steve Smith,RR,293,14,12,1,79,26.63,221,132.57,0,2,33,3,2015,Not_out
25,Moises Henriques,SRH,287,9,9,2,74,41.0,211,136.01,0,2,19,13,2015,Not_out
26,Ambati Rayudu,MI,281,15,14,5,53,31.22,193,145.59,0,1,18,16,2015,Not_out
27,George Bailey,PBKS,259,13,13,2,61,23.54,190,136.31,0,2,22,7,2015,Not_out
28,Murali Vijay,PBKS,251,11,11,0,39,22.81,228,110.08,0,0,27,8,2015,out
29,Wriddhiman Saha,PBKS,249,14,13,0,42,19.15,197,126.39,0,0,16,10,2015,out
30,Yuvraj Singh,DC,248,14,13,0,57,19.07,210,118.09,0,2,23,10,2015,out
31,Manish Pandey,KKR,225,13,12,1,40,20.45,184,122.28,0,0,22,7,2015,out
32,Mayank Agarwal,DC,213,10,10,1,68,23.66,177,120.33,0,2,23,7,2015,out
33,Axar Patel,PBKS,206,14,12,3,40,22.88,174,118.39,0,0,13,8,2015,Not_out
34,Sanju Samson,RR,204,14,11,1,76,20.4,163,125.15,0,1,16,8,2015,out
35,Dwayne Bravo,CSK,195,17,14,5,62,21.66,148,131.75,0,1,22,5,2015,Not_out
36,Kedar Jadhav,DC,189,14,12,4,63,23.62,140,135.0,0,1,16,7,2015,Not_out
37,Eoin Morgan,SRH,187,9,9,1,63,23.37,151,123.84,0,1,11,11,2015,out
38,Karun Nair,RR,181,14,12,1,61,16.45,145,124.82,0,1,18,5,2015,out
39,Suryakumar Yadav,KKR,157,13,13,4,46,17.44,113,138.93,0,0,12,8,2015,Not_out
40,Mandeep Singh,RCB,157,14,9,2,54,22.42,100,157.0,0,1,17,6,2015,Not_out
41,Deepak Hooda,RR,151,14,9,0,54,16.77,95,158.94,0,1,6,11,2015,out
42,Ravi Bopara,SRH,145,9,8,3,41,29.0,120,120.83,0,0,6,6,2015,out
43,Glenn Maxwell,PBKS,145,11,11,0,43,13.18,112,129.46,0,0,13,8,2015,out
44,Angelo Mathews,DC,144,11,10,3,28,20.57,104,138.46,0,0,12,6,2015,out
45,James Faulkner,RR,144,13,11,3,46,18.0,109,132.11,0,0,12,5,2015,out
46,KL Rahul,SRH,142,9,8,3,44,28.4,126,112.69,0,0,8,5,2015,Not_out
47,Dinesh Karthik,RCB,141,16,11,0,28,12.81,117,120.51,0,0,15,4,2015,out
48,Naman Ojha,SRH,137,14,11,1,28,13.7,121,113.22,0,0,12,4,2015,out
49,Ravindra Jadeja,CSK,132,17,12,5,24,18.85,126,104.76,0,0,7,3,2015,out
50,Quinton de Kock,DC,122,3,3,0,69,40.66,77,158.44,0,2,18,4,2015,out
51,David Wiese,RCB,122,14,7,3,47,30.5,86,141.86,0,0,12,4,2015,Not_out
52,Harbhajan Singh,MI,117,15,10,3,64,16.71,73,160.27,0,1,9,9,2015,out
53,Pawan Negi,CSK,116,10,9,1,36,14.5,73,158.9,0,0,10,5,2015,out
54,Corey Anderson,MI,114,4,4,1,55,38.0,97,117.52,0,2,11,6,2015,Not_out
55,Hardik Pandya,MI,112,9,8,3,61,22.4,62,180.64,0,1,9,8,2015,Not_out
56,Sarfaraz Khan,RCB,111,13,8,4,45,27.75,71,156.33,0,0,12,2,2015,Not_out
57,Saurabh Tiwary,DC,109,7,6,6,28,0.0,78,139.74,0,0,9,5,2015,Not_out
58,Karn Sharma,SRH,104,14,9,3,32,17.33,85,122.35,0,0,3,6,2015,out
59,Unmukt Chand,MI,102,6,5,0,58,20.4,83,122.89,0,1,13,2,2015,out
60,Virender Sehwag,PBKS,99,8,8,0,47,12.37,84,117.85,0,0,12,3,2015,out
61,Albie Morkel,DC,86,4,3,2,73,86.0,65,132.3,0,1,9,2,2015,Not_out
62,Manan Vohra,PBKS,82,7,7,0,39,11.71,81,101.23,0,0,4,5,2015,out
63,Shaun Marsh,PBKS,81,4,4,0,65,20.25,58,139.65,0,1,7,3,2015,out
64,Michael Hussey,CSK,77,4,4,0,56,19.25,70,110.0,0,1,5,3,2015,out
65,Chris Morris,RR,76,11,7,5,34,38.0,46,165.21,0,0,3,5,2015,Not_out
66,Stuart Binny,RR,74,13,8,4,20,18.5,66,112.12,0,0,7,1,2015,out
67,Ashish Reddy,SRH,73,6,5,2,22,24.33,46,158.69,0,0,3,5,2015,Not_out
68,Ryan ten Doeschate,KKR,61,6,5,2,38,20.33,45,135.55,0,0,4,3,2015,Not_out
69,Manoj Tiwary,DC,57,5,3,1,32,28.5,56,101.78,0,0,8,1,2015,out
70,Piyush Chawla,KKR,54,13,8,4,22,13.5,47,114.89,0,0,5,2,2015,out
71,Ravichandran Ashwin,CSK,52,14,6,3,23,17.33,32,162.5,0,0,6,1,2015,out
72,Jagadeesha Suchith,MI,48,13,6,5,34,48.0,32,150.0,0,0,4,2,2015,Not_out
73,Hanuma Vihari,SRH,39,5,4,0,16,9.75,35,111.42,0,0,6,0,2015,out
74,Manvinder Bisla,RCB,37,2,2,0,20,18.5,30,123.33,0,0,6,1,2015,out
75,Shakib Al Hasan,KKR,36,4,3,0,23,12.0,27,133.33,0,0,5,0,2015,out
76,Rishi Dhawan,PBKS,36,5,5,3,25,18.0,33,109.09,0,0,2,2,2015,Not_out
77,Gurkeerat Mann Singh,PBKS,35,5,5,0,15,7.0,39,89.74,0,0,3,1,2015,out
78,Kane Williamson,SRH,31,2,2,1,26,31.0,27,114.81,0,0,1,1,2015,Not_out
79,Johan Botha,KKR,31,4,3,0,17,10.33,15,206.66,0,0,5,1,2015,out
80,Mitchell Johnson,PBKS,31,9,8,4,13,7.75,36,86.11,0,0,1,1,2015,Not_out
81,Umesh Yadav,KKR,29,12,4,3,24,29.0,14,207.14,0,0,5,1,2015,Not_out
82,Mohit Sharma,CSK,28,16,6,3,21,9.33,18,155.55,0,0,1,2,2015,Not_out
83,Aaron Finch,MI,23,3,3,1,10,11.5,33,69.69,0,0,4,0,2015,Not_out
84,Iqbal Abdulla,RCB,20,5,2,0,20,10.0,18,111.11,0,0,4,0,2015,out
85,Dale Steyn,SRH,20,6,3,2,19,20.0,13,153.84,0,0,3,0,2015,Not_out
86,Nathan Coulter-Nile,DC,20,11,5,1,6,5.0,18,111.11,0,0,2,1,2015,out
87,Harshal Patel,RCB,19,15,7,2,9,3.8,12,158.33,0,0,0,2,2015,Not_out
88,Anureet Singh,PBKS,18,14,6,3,10,6.0,31,58.06,0,0,0,1,2015,out
89,Praveen Kumar,SRH,17,12,4,1,12,5.66,25,68.0,0,0,1,0,2015,out
90,Bhuvneshwar Kumar,SRH,17,14,3,2,11,17.0,10,170.0,0,0,2,1,2015,Not_out
91,Sean Abbott,RCB,15,2,2,0,14,7.5,13,115.38,0,0,1,1,2015,out
92,Aditya Tare,MI,14,2,2,0,7,7.0,17,82.35,0,0,1,0,2015,out
93,Rilee Rossouw,RCB,14,2,2,0,14,7.0,10,140.0,0,0,1,1,2015,out
94,Darren Sammy,RCB,13,2,2,0,7,6.5,18,72.22,0,0,0,0,2015,out
95,Tim Southee,RR,13,7,3,2,7,13.0,9,144.44,0,0,1,0,2015,Not_out
96,Mitchell McClenaghan,MI,13,12,3,2,12,13.0,6,216.66,0,0,0,2,2015,Not_out
97,Thisara Perera,PBKS,12,2,2,0,9,6.0,15,80.0,0,0,0,1,2015,out
98,Karanveer Singh,PBKS,11,4,3,2,5,11.0,16,68.75,0,0,1,0,2015,Not_out
99,Mitchell Starc,RCB,11,13,3,2,9,11.0,14,78.57,0,0,1,0,2015,Not_out
100,Abu Nechim,RCB,10,3,3,2,5,10.0,5,200.0,0,0,2,0,2015,Not_out
101,Sandeep Sharma,PBKS,9,14,3,2,7,9.0,14,64.28,0,0,1,0,2015,out
102,Amit Mishra,DC,8,12,4,2,4,4.0,12,66.66,0,0,0,0,2015,out
103,Shardul Thakur,PBKS,7,1,1,1,7,0.0,6,116.66,0,0,1,0,2015,Not_out
104,Ankit Sharma,RR,7,4,2,1,7,7.0,6,116.66,0,0,1,0,2015,Not_out
105,Brad Hogg,KKR,7,6,2,1,5,7.0,6,116.66,0,0,0,0,2015,out
106,Azhar Mahmood,KKR,6,1,1,0,6,6.0,7,85.71,0,0,1,0,2015,out
107,Varun Aaron,RCB,6,6,1,0,6,6.0,3,200.0,0,0,0,1,2015,out
108,Lasith Malinga,MI,6,15,1,1,6,0.0,10,60.0,0,0,1,0,2015,Not_out
109,Imran Tahir,DC,5,10,2,1,3,5.0,6,83.33,0,0,0,0,2015,Not_out
110,Chidhambaram Gautam,DC,4,1,1,0,4,4.0,5,80.0,0,0,0,0,2015,out
111,Nic Maddinson,RCB,4,1,1,0,4,4.0,7,57.14,0,0,1,0,2015,out
112,Morne Morkel,KKR,4,7,1,1,4,0.0,3,133.33,0,0,0,0,2015,Not_out
113,Dhawal Kulkarni,RR,4,11,2,0,3,2.0,11,36.36,0,0,0,0,2015,out
114,Pravin Tambe,RR,3,10,2,2,2,0.0,5,60.0,0,0,0,0,2015,Not_out
115,Parveez Rasool,SRH,2,2,1,1,2,0.0,2,100.0,0,0,0,0,2015,Not_out
116,Ronit More,CSK,2,2,1,1,2,0.0,2,100.0,0,0,0,0,2015,Not_out
117,Shahbaz Nadeem,DC,2,4,1,0,2,2.0,7,28.57,0,0,0,0,2015,out
118,Juan Theron,RR,1,1,1,1,1,0.0,1,100.0,0,0,0,0,2015,Not_out
119,Shreyas Gopal,MI,1,1,1,1,1,0.0,1,100.0,0,0,0,0,2015,Not_out
120,Beuran Hendricks,PBKS,1,4,2,2,1,0.0,2,50.0,0,0,0,0,2015,Not_out
121,Bipul Sharma,SRH,1,4,1,0,1,1.0,2,50.0,0,0,0,0,2015,out
122,Domnic Joseph,DC,1,6,2,1,1,1.0,3,33.33,0,0,0,0,2015,out
123,Yuzvendra Chahal,RCB,1,15,2,2,1,0.0,1,100.0,0,0,0,0,2015,Not_out
124,Ashish Nehra,CSK,1,16,4,3,1,1.0,7,14.28,0,0,0,0,2015,Not_out
125,Rajat Bhatia,RR,0,2,1,0,0,0.0,1,0.0,0,0,0,0,2015,Not_out
126,Pat Cummins,KKR,0,3,1,0,0,0.0,2,0.0,0,0,0,0,2015,Not_out
127,Sreenath Aravind,RCB,0,5,1,1,0,0.0,1,0.0,0,0,0,0,2015,Not_out
128,Sunil Narine,KKR,0,8,1,1,0,0.0,1,0.0,0,0,0,0,2015,Not_out
129,Vinay Kumar,MI,0,13,3,2,0,0.0,2,0.0,0,0,0,0,2015,Not_out
1,Virat Kohli,RCB,973,16,16,4,113,81.08,640,152.03,4,7,83,38,2016,out
2,David Warner,SRH,848,17,17,3,93,60.57,560,151.42,0,9,88,31,2016,Not_out
3,AB de Villiers,RCB,687,16,16,3,129,52.84,407,168.79,1,6,57,37,2016,Not_out
4,Gautam Gambhir,KKR,501,15,15,2,90,38.53,411,121.89,0,5,54,6,2016,Not_out
5,Shikhar Dhawan,SRH,501,17,17,4,82,38.53,429,116.78,0,4,51,8,2016,Not_out
6,Rohit Sharma,MI,489,14,14,3,85,44.45,368,132.88,0,5,49,16,2016,Not_out
7,Ajinkya Rahane,RPS,480,14,14,3,74,43.63,379,126.64,0,6,54,9,2016,out
8,Murali Vijay,PBKS,453,14,14,1,89,34.84,364,124.45,0,5,50,10,2016,out
9,Quinton de Kock,DC,445,13,13,1,108,37.08,327,136.08,1,3,52,13,2016,out
10,Suresh Raina,GL,399,15,15,1,75,28.5,312,127.88,0,3,39,10,2016,out
11,KL Rahul,RCB,397,14,12,3,68,44.11,271,146.49,0,4,37,16,2016,Not_out
12,Robin Uthappa,KKR,394,15,15,0,72,26.26,289,136.33,0,3,45,8,2016,out
13,Aaron Finch,GL,393,13,12,2,74,39.3,299,131.43,0,5,45,11,2016,out
14,Yusuf Pathan,KKR,361,15,13,8,63,72.2,248,145.56,0,3,33,13,2016,Not_out
15,Karun Nair,DC,357,14,12,2,83,35.7,297,120.2,0,3,40,6,2016,Not_out
16,Brendon McCullum,GL,354,16,16,0,60,22.12,262,135.11,0,1,38,16,2016,out
17,Dinesh Karthik,GL,335,16,15,2,53,25.76,266,125.93,0,3,38,3,2016,out
18,Ambati Rayudu,MI,334,13,12,1,65,30.36,278,120.14,0,2,28,12,2016,out
19,Dwayne Smith,GL,324,12,12,1,73,29.45,221,146.6,0,3,35,16,2016,out
20,Sanju Samson,DC,291,14,14,3,60,26.45,259,112.35,0,1,20,8,2016,out
21,MS Dhoni,RPS,284,14,12,5,64,40.57,210,135.23,0,1,18,14,2016,Not_out
22,Steve Smith,RPS,270,8,7,1,101,45.0,176,153.4,1,0,27,8,2016,out
23,Wriddhiman Saha,PBKS,270,12,12,1,56,24.54,212,127.35,0,2,29,1,2016,out
24,Jos Buttler,MI,255,14,14,3,41,23.18,184,138.58,0,0,23,11,2016,out
25,Manish Pandey,KKR,248,12,11,3,52,31.0,183,135.51,0,2,17,9,2016,out
26,Krunal Pandya,MI,237,12,9,3,86,39.5,124,191.12,0,1,22,13,2016,out
27,Yuvraj Singh,SRH,236,10,10,1,44,26.22,179,131.84,0,0,22,13,2016,out
28,Chris Gayle,RCB,227,10,10,0,76,22.7,150,151.33,0,2,17,21,2016,out
29,Kieron Pollard,MI,207,13,12,4,51,25.87,144,143.75,0,1,11,16,2016,Not_out
30,Faf du Plessis,RPS,206,6,6,0,69,34.33,162,127.16,0,2,17,9,2016,out
31,Rishabh Pant,DC,198,10,10,2,69,24.75,152,130.26,0,1,19,6,2016,out
32,Chris Morris,DC,195,12,7,4,82,65.0,109,178.89,0,1,15,12,2016,Not_out
33,JP Duminy,DC,191,10,8,3,49,38.2,156,122.43,0,0,13,3,2016,Not_out
34,Ravindra Jadeja,GL,191,15,15,6,36,21.22,178,107.3,0,0,14,4,2016,Not_out
35,Andre Russell,KKR,188,12,8,1,39,26.85,114,164.91,0,0,10,15,2016,Not_out
36,Suryakumar Yadav,KKR,182,15,11,4,60,26.0,143,127.27,0,1,18,5,2016,out
37,Moises Henriques,SRH,182,17,15,3,31,15.16,158,115.18,0,0,15,6,2016,Not_out
38,Glenn Maxwell,PBKS,179,11,11,2,68,19.88,124,144.35,0,2,14,8,2016,out
39,Shane Watson,RCB,179,16,15,2,36,13.76,134,133.58,0,0,14,12,2016,out
40,Parthiv Patel,MI,177,10,10,0,81,17.7,152,116.44,0,1,23,4,2016,out
41,Saurabh Tiwary,RPS,170,10,7,0,57,24.28,141,120.56,0,2,17,4,2016,out
42,Manan Vohra,PBKS,161,7,7,0,51,23.0,131,122.9,0,1,19,3,2016,out
43,David Miller,PBKS,161,14,13,3,31,16.1,131,122.9,0,0,11,4,2016,out
44,Shaun Marsh,PBKS,159,6,6,1,56,31.8,134,118.65,0,1,13,4,2016,Not_out
45,Hashim Amla,PBKS,157,6,6,0,96,26.16,119,131.93,0,1,20,4,2016,out
46,Thisara Perera,RPS,150,12,10,3,34,21.42,93,161.29,0,0,7,11,2016,out
47,Marcus Stoinis,PBKS,146,7,5,1,52,36.5,108,135.18,0,1,13,4,2016,out
48,Deepak Hooda,SRH,144,17,15,1,34,10.28,121,119.0,0,0,9,5,2016,out
49,Naman Ojha,SRH,136,17,13,3,37,13.6,138,98.55,0,0,7,5,2016,out
50,Usman Khawaja,RPS,127,6,6,0,30,21.16,100,127.0,0,0,14,3,2016,out
51,Kane Williamson,SRH,124,6,6,0,50,20.66,122,101.63,0,1,14,0,2016,out
52,Eoin Morgan,SRH,123,7,6,1,51,24.6,105,117.14,0,1,8,4,2016,out
53,Sachin Baby,RCB,119,11,6,1,33,23.8,79,150.63,0,0,9,5,2016,out
54,Shakib Al Hasan,KKR,114,10,7,2,66,22.8,106,107.54,0,1,7,5,2016,Not_out
55,Gurkeerat Mann Singh,PBKS,113,7,6,1,51,22.6,86,131.39,0,1,11,3,2016,out
56,Axar Patel,PBKS,111,14,10,3,36,15.85,77,144.15,0,0,4,8,2016,Not_out
57,Nitish Rana,MI,104,4,3,0,70,34.66,75,138.66,0,1,7,8,2016,out
58,Dwayne Bravo,GL,99,15,13,5,22,12.37,82,120.73,0,0,11,1,2016,Not_out
59,Harbhajan Singh,MI,92,14,7,4,45,30.66,84,109.52,0,0,11,2,2016,Not_out
60,Sam Billings,DC,88,5,4,0,54,22.0,64,137.5,0,1,4,4,2016,out
61,George Bailey,RPS,84,6,5,1,34,21.0,98,85.71,0,0,9,2,2016,out
62,Carlos Brathwaite,DC,83,8,6,0,34,13.83,38,218.42,0,0,6,8,2016,out
63,James Faulkner,GL,77,7,5,2,32,25.66,59,130.5,0,0,7,0,2016,out
64,Kevin Pietersen,RPS,73,4,4,2,37,36.5,61,119.67,0,0,4,3,2016,out
65,Sarfaraz Khan,RCB,66,5,4,2,35,33.0,31,212.9,0,0,7,4,2016,Not_out
66,Ben Cutting,SRH,65,4,4,2,39,32.5,34,191.17,0,0,4,6,2016,Not_out
67,Stuart Binny,RCB,63,14,6,3,21,21.0,39,161.53,0,0,5,4,2016,out
68,Martin Guptill,MI,57,3,3,0,48,19.0,55,103.63,0,0,3,3,2016,out
69,Pawan Negi,DC,57,8,6,4,19,28.5,59,96.61,0,0,2,3,2016,Not_out
70,Travis Head,RCB,54,3,3,1,37,27.0,40,135.0,0,0,3,2,2016,out
71,Bipul Sharma,SRH,51,7,4,2,27,25.5,25,204.0,0,0,1,5,2016,Not_out
72,Ashish Reddy,SRH,47,4,3,1,32,23.5,29,162.06,0,0,2,4,2016,out
73,Hardik Pandya,MI,44,11,9,2,9,6.28,63,69.84,0,0,4,0,2016,out
74,Bhuvneshwar Kumar,SRH,43,17,8,2,21,7.16,27,159.25,0,0,6,1,2016,out
75,Kedar Jadhav,RCB,42,4,3,3,25,0.0,32,131.25,0,0,2,2,2016,Not_out
76,Ishan Kishan,GL,42,5,5,0,27,8.4,41,102.43,0,0,5,0,2016,out
77,Ravichandran Ashwin,RPS,41,14,6,4,29,20.5,38,107.89,0,0,3,1,2016,out
78,Iqbal Abdulla,RCB,37,8,2,2,33,0.0,27,137.03,0,0,4,1,2016,Not_out
79,Karn Sharma,SRH,36,5,3,3,26,0.0,30,120.0,0,0,3,1,2016,Not_out
80,Rajat Bhatia,RPS,34,10,6,5,21,34.0,20,170.0,0,0,1,2,2016,out
81,Mitchell McClenaghan,MI,34,14,5,2,20,11.33,23,147.82,0,0,2,3,2016,out
82,Mohit Sharma,PBKS,32,14,6,2,15,8.0,26,123.07,0,0,3,1,2016,out
83,Colin Munro,KKR,30,4,3,0,16,10.0,30,100.0,0,0,3,0,2016,out
84,Shreyas Iyer,DC,30,6,6,0,19,5.0,43,69.76,0,0,2,1,2016,out
85,Tim Southee,MI,30,11,4,1,25,10.0,19,157.89,0,0,1,2,2016,out
86,Praveen Kumar,GL,28,16,7,3,15,7.0,27,103.7,0,0,4,0,2016,out
87,Mayank Agarwal,DC,27,3,3,0,10,9.0,25,108.0,0,0,3,1,2016,out
88,Piyush Chawla,KKR,27,12,3,0,11,9.0,26,103.84,0,0,4,0,2016,out
89,Chris Lynn,KKR,25,2,2,1,15,25.0,22,113.63,0,0,0,1,2016,out
90,Eklavya Dwivedi,GL,24,4,2,0,19,12.0,14,171.42,0,0,2,2,2016,out
91,Rajagopal Sathish,KKR,24,4,3,0,10,8.0,24,100.0,0,0,1,1,2016,out
92,Nikhil Naik,PBKS,23,2,2,0,22,11.5,31,74.19,0,0,1,0,2016,out
93,Dhawal Kulkarni,GL,23,14,5,3,6,11.5,15,153.33,0,0,2,0,2016,Not_out
94,Jason Holder,KKR,22,4,4,0,13,5.5,19,115.78,0,0,2,1,2016,out
95,Akshdeep Nath,GL,20,4,3,0,12,6.66,27,74.07,0,0,1,0,2016,out
96,Pradeep Sahu,PBKS,19,5,2,1,18,19.0,13,146.15,0,0,1,1,2016,Not_out
97,Albie Morkel,RPS,16,2,1,0,16,16.0,9,177.77,0,0,0,2,2016,out
98,Rishi Dhawan,PBKS,14,2,2,2,11,0.0,6,233.33,0,0,0,1,2016,Not_out
99,Farhaan Behardien,PBKS,14,3,3,1,9,7.0,13,107.69,0,0,2,0,2016,Not_out
100,Vinay Kumar,MI,13,3,2,1,12,13.0,12,108.33,0,0,0,1,2016,out
101,KC Cariappa,PBKS,13,5,2,1,12,13.0,11,118.18,0,0,0,1,2016,Not_out
102,Kyle Abbott,PBKS,13,5,3,2,12,13.0,8,162.5,0,0,0,1,2016,Not_out
103,Irfan Pathan,RPS,11,4,3,0,7,3.66,13,84.61,0,0,0,0,2016,out
104,Parveez Rasool,RCB,10,4,1,0,10,10.0,9,111.11,0,0,1,0,2016,out
105,Nathan Coulter-Nile,DC,9,4,2,2,7,0.0,14,64.28,0,0,1,0,2016,Not_out
106,Umesh Yadav,KKR,9,9,2,1,7,9.0,5,180.0,0,0,0,1,2016,Not_out
107,Lendl Simmons,MI,8,1,1,0,8,8.0,8,100.0,0,0,0,1,2016,out
108,Aditya Tare,SRH,8,3,2,0,8,4.0,15,53.33,0,0,1,0,2016,out
109,Jasprit Bumrah,MI,8,14,2,1,6,8.0,11,72.72,0,0,1,0,2016,out
110,Sandeep Sharma,PBKS,8,14,4,4,5,0.0,9,88.88,0,0,0,0,2016,Not_out
111,Mitchell Marsh,RPS,7,3,1,0,7,7.0,11,63.63,0,0,0,0,2016,out
112,Pravin Tambe,GL,7,7,1,1,7,0.0,19,36.84,0,0,1,0,2016,Not_out
113,Sunil Narine,KKR,7,11,4,3,4,7.0,13,53.84,0,0,0,0,2016,out
114,Peter Handscomb,RPS,6,2,1,0,6,6.0,12,50.0,0,0,0,0,2016,out
115,Jayant Yadav,DC,6,5,2,0,5,3.0,10,60.0,0,0,0,0,2016,out
116,Zaheer Khan,DC,6,12,2,0,4,3.0,13,46.15,0,0,1,0,2016,out
117,David Wiese,RCB,5,1,1,1,5,0.0,4,125.0,0,0,0,0,2016,Not_out
118,Mitchell Johnson,PBKS,5,3,3,1,4,2.5,14,35.71,0,0,0,0,2016,out
119,Imran Tahir,DC,5,4,1,0,5,5.0,7,71.42,0,0,1,0,2016,out
120,Amit Mishra,DC,4,14,2,0,3,2.0,14,28.57,0,0,0,0,2016,out
121,Barinder Sran,SRH,4,14,4,4,2,0.0,4,100.0,0,0,0,0,2016,Not_out
122,Ankit Sharma,RPS,3,3,1,1,3,0.0,3,100.0,0,0,0,0,2016,Not_out
123,Chris Jordan,RCB,3,9,1,0,3,3.0,4,75.0,0,0,0,0,2016,out
124,Shreyas Gopal,MI,2,1,1,0,2,2.0,16,12.5,0,0,0,0,2016,out
125,Mohammad Shami,DC,2,8,2,2,2,0.0,4,50.0,0,0,0,0,2016,Not_out
126,Dale Steyn,GL,1,1,1,0,1,1.0,2,50.0,0,0,0,0,2016,out
127,Kane Richardson,RCB,1,4,1,1,1,0.0,1,100.0,0,0,0,0,2016,Not_out
128,Shahbaz Nadeem,DC,1,4,1,1,1,0.0,5,20.0,0,0,0,0,2016,Not_out
129,Shadab Jakati,GL,1,6,1,1,1,0.0,2,50.0,0,0,0,0,2016,Not_out
130,Ashish Nehra,SRH,1,8,2,2,1,0.0,1,100.0,0,0,0,0,2016,Not_out
131,Morne Morkel,KKR,1,10,2,2,1,0.0,1,100.0,0,0,0,0,2016,Not_out
132,Swapnil Singh,PBKS,0,1,1,0,0,0.0,1,0.0,0,0,0,0,2016,Not_out
133,Unmukt Chand,MI,0,1,1,0,0,0.0,4,0.0,0,0,0,0,2016,Not_out
134,Adam Zampa,RPS,0,5,1,0,0,0.0,1,0.0,0,0,0,0,2016,Not_out
135,Shivil Kaushik,GL,0,7,2,1,0,0.0,1,0.0,0,0,0,0,2016,Not_out
136,Murugan Ashwin,RPS,0,10,1,0,0,0.0,1,0.0,0,0,0,0,2016,Not_out
1,David Warner,SRH,641,14,14,3,126,58.27,452,141.81,1,4,63,26,2017,out
2,Gautam Gambhir,KKR,498,16,16,4,76,41.5,389,128.02,0,4,61,7,2017,Not_out
3,Shikhar Dhawan,SRH,479,14,14,1,77,36.84,376,127.39,0,3,53,9,2017,out
4,Steve Smith,RPS,472,15,15,3,84,39.33,387,121.96,0,3,38,12,2017,Not_out
5,Suresh Raina,GL,442,14,14,3,84,40.18,307,143.97,0,3,42,13,2017,out
6,Hashim Amla,PBKS,420,10,10,3,104,60.0,288,145.83,2,2,40,17,2017,Not_out
7,Manish Pandey,KKR,396,14,13,5,81,49.5,308,128.57,0,2,28,12,2017,Not_out
8,Parthiv Patel,MI,395,16,16,0,70,24.68,293,134.81,0,2,49,8,2017,out
9,Rahul Tripathi,RPS,391,14,14,0,93,27.92,267,146.44,0,2,43,17,2017,out
10,Robin Uthappa,KKR,388,14,13,0,87,29.84,235,165.1,0,5,36,21,2017,out
11,Sanju Samson,DC,386,14,14,0,102,27.57,273,141.39,1,2,32,19,2017,out
12,Kieron Pollard,MI,385,17,16,3,70,29.61,276,139.49,0,3,26,22,2017,out
13,Ajinkya Rahane,RPS,382,16,16,1,60,25.46,323,118.26,0,2,35,9,2017,out
14,Rishabh Pant,DC,366,14,14,0,97,26.14,221,165.61,0,2,28,24,2017,out
15,Dinesh Karthik,GL,361,14,13,3,65,36.1,259,139.38,0,2,30,11,2017,out
16,Shreyas Iyer,DC,338,12,12,2,96,33.8,243,139.09,0,2,36,10,2017,out
17,Nitish Rana,MI,333,13,12,1,62,30.27,264,126.13,0,3,24,17,2017,Not_out
18,Rohit Sharma,MI,333,17,16,2,67,23.78,273,121.97,0,3,31,9,2017,out
19,Manoj Tiwary,RPS,324,15,13,3,60,32.4,236,137.28,0,2,31,11,2017,out
20,Brendon McCullum,GL,319,11,11,0,72,29.0,217,147.0,0,2,29,18,2017,out
21,Ben Stokes,RPS,316,12,11,1,103,31.6,221,142.98,1,1,22,15,2017,Not_out
22,Glenn Maxwell,PBKS,310,14,13,3,47,31.0,179,173.18,0,0,19,26,2017,out
23,Virat Kohli,RCB,308,10,10,0,64,30.8,252,122.22,0,4,23,11,2017,out
24,Aaron Finch,GL,299,13,13,1,72,24.91,180,166.11,0,2,25,19,2017,out
25,Chris Lynn,KKR,295,7,7,1,93,49.16,163,180.98,0,3,25,19,2017,Not_out
26,MS Dhoni,RPS,290,16,15,4,61,26.36,250,116.0,0,1,15,16,2017,Not_out
27,Karun Nair,DC,281,14,13,0,64,21.61,226,124.33,0,1,39,6,2017,out
28,Ishan Kishan,GL,277,11,10,0,61,27.7,206,134.46,0,1,29,13,2017,out
29,Moises Henriques,SRH,277,12,11,5,55,46.16,203,136.45,0,3,28,4,2017,Not_out
30,Jos Buttler,MI,272,10,10,0,77,27.2,177,153.67,0,1,27,15,2017,out
31,Kedar Jadhav,RCB,267,13,13,1,69,22.25,186,143.54,0,1,25,10,2017,out
32,Shaun Marsh,PBKS,264,9,8,0,84,33.0,194,136.08,0,2,36,5,2017,out
33,Kane Williamson,SRH,256,7,7,1,89,42.66,169,151.47,0,2,20,10,2017,out
34,Yuvraj Singh,SRH,252,12,11,2,70,28.0,177,142.37,0,2,30,8,2017,Not_out
35,Hardik Pandya,MI,250,17,16,9,35,35.71,160,156.25,0,0,11,20,2017,Not_out
36,Krunal Pandya,MI,243,13,11,4,47,34.71,179,135.75,0,0,24,7,2017,out
37,Dwayne Smith,GL,239,12,12,1,74,21.72,156,153.2,0,2,32,8,2017,out
38,Wriddhiman Saha,PBKS,234,14,11,1,93,23.4,187,125.13,0,1,20,8,2017,Not_out
39,Manan Vohra,PBKS,229,11,9,0,95,25.44,159,144.02,0,1,23,9,2017,out
40,Axar Patel,PBKS,227,14,13,5,44,28.37,162,140.12,0,0,11,11,2017,out
41,Sunil Narine,KKR,224,16,14,1,54,17.23,130,172.3,0,1,34,10,2017,out
42,AB de Villiers,RCB,216,9,9,1,89,27.0,163,132.51,0,1,12,16,2017,Not_out
43,Chris Gayle,RCB,200,9,9,0,77,22.22,163,122.69,0,1,15,14,2017,out
44,Mandeep Singh,RCB,188,11,10,0,52,18.8,177,106.21,0,1,21,4,2017,out
45,Ravindra Jadeja,GL,158,12,10,6,28,39.5,113,139.82,0,0,13,4,2017,out
46,Chris Morris,DC,154,9,9,4,52,30.8,94,163.82,0,1,15,6,2017,Not_out
47,Travis Head,RCB,151,7,7,2,75,30.2,108,139.81,0,1,9,6,2017,Not_out
48,Pawan Negi,RCB,144,12,10,2,35,18.0,111,129.72,0,0,10,7,2017,out
49,Yusuf Pathan,KKR,143,15,11,3,59,17.87,115,124.34,0,1,9,6,2017,out
50,Corey Anderson,DC,142,11,11,4,41,20.28,123,115.44,0,0,8,9,2017,Not_out
51,Sam Billings,DC,138,6,6,0,55,23.0,104,132.69,0,1,19,1,2017,out
52,Lendl Simmons,MI,137,7,7,0,66,19.57,112,122.32,0,2,10,8,2017,out
53,Martin Guptill,PBKS,132,7,7,1,50,22.0,88,150.0,0,1,17,5,2017,Not_out
54,Colin de Grandhomme,KKR,126,12,9,1,36,15.75,92,136.95,0,0,10,6,2017,out
55,Suryakumar Yadav,KKR,105,10,7,1,31,17.5,88,119.31,0,0,8,3,2017,out
56,Vijay Shankar,SRH,101,4,4,2,63,50.5,75,134.66,0,1,12,1,2017,Not_out
57,Ambati Rayudu,MI,91,5,5,0,63,18.2,78,116.66,0,1,7,3,2017,out
58,David Miller,PBKS,83,5,4,1,30,27.66,80,103.75,0,0,4,4,2017,Not_out
59,Dan Christian,RPS,79,13,9,4,17,15.8,49,161.22,0,0,5,5,2017,Not_out
60,Naman Ojha,SRH,79,14,5,1,34,19.75,65,121.53,0,0,2,3,2017,out
61,Stuart Binny,RCB,78,8,7,2,18,15.6,76,102.63,0,0,6,3,2017,Not_out
62,Deepak Hooda,SRH,78,10,6,3,19,26.0,52,150.0,0,0,5,4,2017,Not_out
63,Pat Cummins,DC,77,12,9,4,24,15.4,53,145.28,0,0,5,4,2017,out
64,Shane Watson,RCB,71,8,7,1,24,11.83,78,91.02,0,0,6,1,2017,out
65,Eoin Morgan,PBKS,65,4,4,0,26,16.25,62,104.83,0,0,6,2,2017,out
66,Jason Roy,GL,59,3,3,1,31,29.5,40,147.5,0,0,9,1,2017,out
67,Kagiso Rabada,DC,55,6,3,0,44,18.33,64,85.93,0,0,5,1,2017,out
68,James Faulkner,GL,54,8,6,2,21,13.5,57,94.73,0,0,4,0,2017,out
69,Andrew Tye,GL,53,6,3,1,25,26.5,30,176.66,0,0,4,3,2017,out
70,Saurabh Tiwary,MI,52,1,1,0,52,52.0,43,120.93,0,1,9,0,2017,out
71,Ben Cutting,SRH,51,4,3,1,20,25.5,26,196.15,0,0,5,3,2017,out
72,Mohit Sharma,PBKS,51,14,7,1,13,8.5,50,102.0,0,0,3,1,2017,out
73,Karn Sharma,MI,49,9,6,0,19,8.16,41,119.51,0,0,5,2,2017,out
74,Amit Mishra,DC,49,14,6,5,13,49.0,52,94.23,0,0,2,2,2017,Not_out
75,Chris Woakes,KKR,46,13,7,3,18,11.5,47,97.87,0,0,4,1,2017,out
76,Sheldon Jackson,KKR,38,4,3,1,16,19.0,31,122.58,0,0,5,0,2017,out
77,Mohammad Shami,DC,36,8,6,2,21,9.0,24,150.0,0,0,4,2,2017,out
78,Ishank Jaggi,KKR,33,2,2,1,28,33.0,39,84.61,0,0,3,0,2017,out
79,Angelo Mathews,DC,32,3,2,0,31,16.0,27,118.51,0,0,2,1,2017,out
80,Sreenath Aravind,RCB,32,10,8,4,9,8.0,40,80.0,0,0,2,0,2017,out
81,Bipul Sharma,SRH,31,7,3,2,21,31.0,24,129.16,0,0,2,1,2017,Not_out
82,Marlon Samuels,DC,29,5,4,0,27,7.25,31,93.54,0,0,1,2,2017,out
83,Basil Thampi,GL,28,12,5,5,13,0.0,28,100.0,0,0,1,1,2017,Not_out
84,Mayank Agarwal,RPS,26,3,3,0,20,8.66,27,96.29,0,0,3,0,2017,out
85,Ankit Sharma,RPS,25,1,1,0,25,25.0,15,166.66,0,0,2,1,2017,out
86,Aniket Choudhary,RCB,25,5,3,2,15,25.0,20,125.0,0,0,1,1,2017,Not_out
87,Mitchell Johnson,MI,20,5,3,3,13,0.0,17,117.64,0,0,1,1,2017,Not_out
88,Kuldeep Yadav,KKR,20,12,2,0,16,10.0,22,90.9,0,0,2,0,2017,out
89,Rahul Tewatia,PBKS,19,3,2,1,15,19.0,11,172.72,0,0,4,0,2017,Not_out
90,Vishnu Vinod,RCB,19,3,3,0,9,6.33,26,73.07,0,0,1,1,2017,out
91,Aditya Tare,DC,18,3,3,0,18,6.0,23,78.26,0,0,3,0,2017,out
92,Marcus Stoinis,PBKS,17,5,3,0,9,5.66,24,70.83,0,0,1,0,2017,out
93,Rajat Bhatia,RPS,16,3,2,1,16,16.0,17,94.11,0,0,0,1,2017,out
94,Harbhajan Singh,MI,16,11,7,5,7,8.0,16,100.0,0,0,0,1,2017,Not_out
95,Mitchell McClenaghan,MI,16,14,7,3,12,4.0,15,106.66,0,0,0,1,2017,out
96,Jasprit Bumrah,MI,16,16,2,1,16,16.0,12,133.33,0,0,0,1,2017,Not_out
97,Anureet Singh,PBKS,15,1,1,0,15,15.0,12,125.0,0,0,2,0,2017,out
98,Sachin Baby,RCB,15,3,3,0,12,5.0,15,100.0,0,0,2,0,2017,out
99,Deepak Chahar,RPS,14,3,1,0,14,14.0,6,233.33,0,0,0,2,2017,out
100,Nathan Coulter-Nile,KKR,14,8,3,0,6,4.66,12,116.66,0,0,0,2,2017,out
101,Samuel Badree,RCB,13,7,5,0,8,2.6,23,56.52,0,0,0,0,2017,out
102,Yuzvendra Chahal,RCB,13,13,6,3,4,4.33,26,50.0,0,0,0,0,2017,Not_out
103,Ankit Bawne,DC,12,1,1,1,12,0.0,12,100.0,0,0,1,0,2017,Not_out
104,Carlos Brathwaite,DC,12,2,2,0,11,6.0,15,80.0,0,0,2,0,2017,out
105,Swapnil Singh,PBKS,12,4,2,0,10,6.0,19,63.15,0,0,0,0,2017,out
106,Rashid Khan,SRH,11,14,3,1,6,5.5,9,122.22,0,0,0,1,2017,Not_out
107,Umesh Yadav,KKR,10,14,4,4,4,0.0,13,76.92,0,0,0,0,2017,Not_out
108,Washington Sundar,RPS,9,11,5,4,5,9.0,12,75.0,0,0,0,0,2017,Not_out
109,Faf du Plessis,RPS,8,2,1,0,8,8.0,7,114.28,0,0,1,0,2017,out
110,Tymal Mills,RCB,8,5,3,0,6,2.66,11,72.72,0,0,0,1,2017,out
111,Ishant Sharma,PBKS,8,6,3,1,5,4.0,12,66.66,0,0,1,0,2017,Not_out
112,Praveen Kumar,GL,8,6,2,1,7,8.0,9,88.88,0,0,0,0,2017,Not_out
113,Ashok Dinda,RPS,7,3,1,0,7,7.0,7,100.0,0,0,1,0,2017,out
114,Tim Southee,MI,7,3,1,0,7,7.0,3,233.33,0,0,0,1,2017,out
115,Adam Milne,RCB,7,4,3,1,5,3.5,12,58.33,0,0,0,0,2017,out
116,Ankit Soni,GL,7,7,3,1,7,3.5,9,77.77,0,0,0,1,2017,Not_out
117,Lasith Malinga,MI,7,12,2,2,7,0.0,3,233.33,0,0,0,1,2017,Not_out
118,Sandeep Sharma,PBKS,7,13,4,4,5,0.0,6,116.66,0,0,0,0,2017,Not_out
119,Darren Bravo,KKR,6,1,1,1,6,0.0,5,120.0,0,0,1,0,2017,Not_out
120,Iqbal Abdulla,RCB,5,2,1,1,5,0.0,7,71.42,0,0,0,0,2017,Not_out
121,Adam Zampa,RPS,5,6,1,0,5,5.0,7,71.42,0,0,1,0,2017,out
122,Trent Boult,KKR,5,6,1,1,5,0.0,8,62.5,0,0,0,0,2017,Not_out
123,Ankit Rajpoot,KKR,4,5,1,0,4,4.0,7,57.14,0,0,1,0,2017,out
124,Varun Aaron,PBKS,4,6,2,1,4,4.0,10,40.0,0,0,0,0,2017,out
125,Zaheer Khan,DC,4,11,3,2,2,4.0,13,30.76,0,0,0,0,2017,out
126,Bhuvneshwar Kumar,SRH,4,14,2,1,4,4.0,4,100.0,0,0,0,0,2017,Not_out
127,Rahul Chahar,RPS,3,3,1,1,3,0.0,2,150.0,0,0,0,0,2017,Not_out
128,Irfan Pathan,GL,2,1,1,0,2,2.0,3,66.66,0,0,0,0,2017,out
129,Mohammad Nabi,SRH,2,3,1,0,2,2.0,3,66.66,0,0,0,0,2017,out
130,KC Cariappa,PBKS,2,4,2,0,1,1.0,7,28.57,0,0,0,0,2017,out
131,Pradeep Sangwan,GL,2,5,3,1,1,1.0,4,50.0,0,0,0,0,2017,Not_out
132,Piyush Chawla,KKR,2,6,1,0,2,2.0,6,33.33,0,0,0,0,2017,out
133,Shahbaz Nadeem,DC,2,7,4,1,2,0.66,9,22.22,0,0,0,0,2017,out
134,Jaydev Unadkat,RPS,2,12,2,2,2,0.0,5,40.0,0,0,0,0,2017,Not_out
135,Shakib Al Hasan,KKR,1,1,1,1,1,0.0,1,100.0,0,0,0,0,2017,Not_out
136,Lockie Ferguson,RPS,1,4,1,1,1,0.0,1,100.0,0,0,0,0,2017,Not_out
137,Dhawal Kulkarni,GL,1,6,1,0,1,1.0,2,50.0,0,0,0,0,2017,out
138,Akshdeep Nath,GL,0,1,1,0,0,0.0,1,0.0,0,0,0,0,2017,Not_out
139,Chris Jordan,SRH,0,1,1,0,0,0.0,1,0.0,0,0,0,0,2017,Not_out
140,Munaf Patel,GL,0,2,1,0,0,0.0,1,0.0,0,0,0,0,2017,Not_out
141,Siddarth Kaul,SRH,0,10,1,1,0,0.0,2,0.0,0,0,0,0,2017,Not_out
142,Imran Tahir,RPS,0,12,1,1,0,0.0,2,0.0,0,0,0,0,2017,Not_out
143,Shardul Thakur,RPS,0,12,3,0,0,0.0,3,0.0,0,0,0,0,2017,Not_out
1,Kane Williamson,SRH,735,17,17,3,84,52.5,516,142.44,0,8,64,28,2018,out
2,Rishabh Pant,DC,684,14,14,1,128,52.61,394,173.6,1,5,68,37,2018,Not_out
3,KL Rahul,PBKS,659,14,14,2,95,54.91,416,158.41,0,6,66,32,2018,Not_out
4,Ambati Rayudu,CSK,602,16,16,2,100,43.0,402,149.75,1,3,53,34,2018,Not_out
5,Shane Watson,CSK,555,15,15,1,117,39.64,359,154.59,2,2,44,35,2018,Not_out
6,Jos Buttler,RR,548,13,13,3,95,54.8,353,155.24,0,5,52,21,2018,Not_out
7,Virat Kohli,RCB,530,14,14,3,92,48.18,381,139.1,0,4,52,18,2018,Not_out
8,Suryakumar Yadav,MI,512,14,14,0,72,36.57,384,133.33,0,4,61,16,2018,out
9,Dinesh Karthik,KKR,498,16,16,6,52,49.8,337,147.77,0,2,49,16,2018,out
10,Shikhar Dhawan,SRH,497,16,16,3,92,38.23,363,136.91,0,4,59,14,2018,Not_out
11,Chris Lynn,KKR,491,16,16,1,74,32.73,377,130.23,0,3,56,18,2018,out
12,AB de Villiers,RCB,480,12,11,2,90,53.33,275,174.54,0,6,39,30,2018,Not_out
13,MS Dhoni,CSK,455,16,15,9,79,75.83,302,150.66,0,3,24,30,2018,Not_out
14,Suresh Raina,CSK,445,15,15,3,75,37.08,336,132.44,0,4,46,12,2018,Not_out
15,Sanju Samson,RR,441,15,15,1,92,31.5,320,137.81,0,3,30,19,2018,Not_out
16,Shreyas Iyer,DC,411,14,14,3,93,37.36,310,132.58,0,4,29,21,2018,Not_out
17,Evin Lewis,MI,382,13,13,0,65,29.38,276,138.4,0,2,32,24,2018,out
18,Ajinkya Rahane,RR,370,15,14,1,65,28.46,313,118.21,0,1,39,5,2018,Not_out
19,Chris Gayle,PBKS,368,11,11,2,104,40.88,252,146.03,1,3,30,27,2018,Not_out
20,Sunil Narine,KKR,357,16,16,0,75,22.31,188,189.89,0,2,40,23,2018,out
21,Robin Uthappa,KKR,351,16,16,0,54,21.93,265,132.45,0,1,30,21,2018,out
22,Andre Russell,KKR,316,16,14,3,88,28.72,171,184.79,0,1,17,31,2018,Not_out
23,Nitish Rana,KKR,304,15,15,2,59,23.38,232,131.03,0,1,26,14,2018,out
24,Karun Nair,PBKS,301,13,12,0,54,25.08,221,136.19,0,2,23,13,2018,out
25,Rohit Sharma,MI,286,14,14,2,94,23.83,215,133.02,0,2,25,12,2018,out
26,Manish Pandey,SRH,284,15,13,2,62,25.81,246,115.44,0,3,22,5,2018,Not_out
27,Ishan Kishan,MI,275,14,12,0,62,22.91,184,149.45,0,2,22,17,2018,out
28,Hardik Pandya,MI,260,13,13,4,50,28.88,195,133.33,0,1,20,11,2018,out
29,Yusuf Pathan,SRH,260,15,13,4,45,28.88,200,130.0,0,0,22,11,2018,Not_out
30,Mandeep Singh,RCB,252,14,13,3,47,25.2,186,135.48,0,0,16,11,2018,Not_out
31,Prithvi Shaw,DC,245,9,9,0,65,27.22,160,153.12,0,2,27,10,2018,out
32,Shakib Al Hasan,SRH,239,17,13,2,35,21.72,197,121.31,0,0,26,5,2018,out
33,Krunal Pandya,MI,228,14,13,3,41,22.8,157,145.22,0,0,22,10,2018,Not_out
34,Rahul Tripathi,RR,226,12,12,3,80,25.11,167,135.32,0,1,18,8,2018,Not_out
35,Vijay Shankar,DC,212,13,11,7,54,53.0,148,143.24,0,1,11,11,2018,Not_out
36,Shubman Gill,KKR,203,13,11,5,57,33.83,139,146.04,0,1,22,5,2018,Not_out
37,Quinton de Kock,RCB,201,8,8,0,53,25.12,162,124.07,0,1,20,8,2018,out
38,Ben Stokes,RR,196,13,13,1,45,16.33,161,121.73,0,0,13,6,2018,out
39,Glenn Maxwell,DC,169,12,12,0,47,14.08,120,140.83,0,0,14,9,2018,out
40,Faf du Plessis,CSK,162,6,6,1,67,32.4,129,125.58,0,1,17,6,2018,Not_out
41,Parthiv Patel,RCB,153,6,6,1,53,30.6,109,140.36,0,1,20,4,2018,out
42,Alex Hales,SRH,148,6,6,0,45,24.66,118,125.42,0,0,13,6,2018,out
43,Dwayne Bravo,CSK,141,16,10,6,68,35.25,91,154.94,0,1,8,10,2018,out
44,Aaron Finch,PBKS,134,10,9,1,46,16.75,100,134.0,0,0,6,8,2018,out
45,Kieron Pollard,MI,133,9,8,1,50,19.0,100,133.0,0,1,10,7,2018,out
46,Colin de Grandhomme,RCB,131,9,8,3,40,26.2,84,155.95,0,0,4,10,2018,out
47,Brendon McCullum,RCB,127,6,6,0,43,21.16,88,144.31,0,0,16,6,2018,out
48,Krishnappa Gowtham,RR,126,15,13,4,33,14.0,64,196.87,0,0,9,9,2018,Not_out
49,Wriddhiman Saha,SRH,122,11,10,2,35,15.25,102,119.6,0,0,17,1,2018,out
50,Jason Roy,DC,120,5,5,1,91,30.0,94,127.65,0,1,9,7,2018,Not_out
51,Mayank Agarwal,PBKS,120,11,11,1,30,12.0,94,127.65,0,0,9,5,2018,out
52,D'Arcy Short,RR,115,7,7,0,44,16.42,99,116.16,0,0,11,5,2018,out
53,Sam Billings,CSK,108,10,8,0,56,13.5,78,138.46,0,1,8,5,2018,out
54,Ravichandran Ashwin,PBKS,102,14,9,1,45,12.75,71,143.66,0,0,7,5,2018,out
55,Marcus Stoinis,PBKS,99,7,7,3,29,24.75,76,130.26,0,0,6,4,2018,Not_out
56,Ben Cutting,MI,96,9,6,2,37,24.0,58,165.51,0,0,5,8,2018,out
57,Ravindra Jadeja,CSK,89,16,10,5,27,17.8,74,120.27,0,0,3,4,2018,Not_out
58,Deepak Hooda,SRH,87,9,8,4,32,21.75,81,107.4,0,0,2,3,2018,Not_out
59,Gautam Gambhir,DC,85,6,5,0,55,17.0,88,96.59,0,1,8,1,2018,out
60,Axar Patel,PBKS,80,9,8,2,19,13.33,69,115.94,0,0,3,4,2018,out
61,Moeen Ali,RCB,77,5,4,0,65,19.25,46,167.39,0,1,4,6,2018,out
62,Carlos Brathwaite,SRH,75,4,4,1,43,25.0,48,156.25,0,0,1,8,2018,Not_out
63,David Miller,PBKS,74,3,3,1,26,37.0,64,115.62,0,0,3,2,2018,out
64,Washington Sundar,RCB,65,7,6,3,35,21.66,38,171.05,0,0,5,4,2018,out
65,Yuvraj Singh,PBKS,65,8,6,0,20,10.83,73,89.04,0,0,6,2,2018,out
66,Abhishek Sharma,DC,63,3,3,2,46,63.0,33,190.9,0,0,3,5,2018,Not_out
67,Colin Munro,DC,63,5,5,0,33,12.6,41,153.65,0,0,7,4,2018,out
68,Harshal Patel,DC,60,5,2,1,36,60.0,33,181.81,0,0,1,6,2018,Not_out
69,Rashid Khan,SRH,59,17,7,2,34,11.8,31,190.32,0,0,3,6,2018,Not_out
70,Heinrich Klaasen,RR,57,4,4,1,32,19.0,47,121.27,0,0,5,1,2018,out
71,Manan Vohra,RCB,55,4,4,0,45,13.75,47,117.02,0,0,2,4,2018,out
72,Shreevats Goswami,SRH,52,6,3,0,35,17.33,40,130.0,0,0,6,1,2018,out
73,Tim Southee,RCB,52,8,4,2,36,26.0,46,113.04,0,0,5,1,2018,Not_out
74,Sarfaraz Khan,RCB,51,7,6,1,22,10.2,41,124.39,0,0,7,1,2018,Not_out
75,Rahul Tewatia,DC,50,8,5,2,24,16.66,43,116.27,0,0,5,1,2018,out
76,Shreyas Gopal,RR,50,11,4,1,24,16.66,45,111.11,0,0,5,0,2018,out
77,Deepak Chahar,CSK,50,12,4,1,39,16.66,29,172.41,0,0,1,4,2018,out
78,Jaydev Unadkat,RR,49,15,7,3,26,12.25,38,128.94,0,0,6,1,2018,out
79,Manoj Tiwary,PBKS,47,5,4,1,35,15.66,44,106.81,0,0,4,1,2018,out
80,Chris Morris,DC,46,4,4,3,27,46.0,26,176.92,0,0,3,2,2018,Not_out
81,Stuart Binny,RR,44,7,5,0,22,8.8,39,112.82,0,0,2,2,2018,out
82,JP Duminy,MI,36,6,4,3,23,36.0,40,90.0,0,0,3,1,2018,out
83,Andrew Tye,PBKS,32,14,8,2,14,5.33,38,84.21,0,0,2,1,2018,out
84,Rinku Singh,KKR,29,4,4,0,16,7.25,31,93.54,0,0,4,0,2018,out
85,Harbhajan Singh,CSK,29,13,3,0,19,9.66,36,80.55,0,0,3,1,2018,out
86,Piyush Chawla,KKR,27,15,7,3,12,6.75,34,79.41,0,0,1,1,2018,out
87,Dan Christian,DC,26,4,3,1,13,13.0,33,78.78,0,0,0,1,2018,out
88,Mohammed Siraj,RCB,25,11,4,2,14,12.5,22,113.63,0,0,2,1,2018,out
89,Kedar Jadhav,CSK,24,1,1,1,24,0.0,22,109.09,0,0,1,2,2018,Not_out
90,Tom Curran,KKR,23,5,4,1,18,7.66,28,82.14,0,0,3,0,2018,out
91,Mayank Markande,MI,21,14,6,4,7,10.5,24,87.5,0,0,2,0,2018,Not_out
92,Mahipal Lomror,RR,20,2,2,1,11,20.0,21,95.23,0,0,1,0,2018,out
93,Mohammad Nabi,SRH,18,2,2,0,14,9.0,12,150.0,0,0,3,0,2018,out
94,Corey Anderson,RCB,17,3,3,0,15,5.66,22,77.27,0,0,0,1,2018,out
95,Chris Woakes,RCB,17,5,4,2,11,8.5,19,89.47,0,0,1,1,2018,out
96,Mitchell Johnson,KKR,16,6,2,2,12,0.0,11,145.45,0,0,2,0,2018,Not_out
97,Jofra Archer,RR,15,10,8,3,8,3.0,21,71.42,0,0,2,0,2018,out
98,Shardul Thakur,CSK,15,13,1,1,15,0.0,5,300.0,0,0,3,0,2018,Not_out
99,Shivam Mavi,KKR,13,9,4,1,7,4.33,15,86.66,0,0,1,0,2018,out
100,Bhuvneshwar Kumar,SRH,13,12,4,2,7,6.5,16,81.25,0,0,1,0,2018,out
101,Murali Vijay,CSK,12,1,1,0,12,12.0,10,120.0,0,0,0,1,2018,out
102,Kuldeep Yadav,KKR,12,16,3,2,7,12.0,24,50.0,0,0,1,0,2018,Not_out
103,Ankit Rajpoot,PBKS,11,8,3,0,8,3.66,18,61.11,0,0,1,0,2018,out
104,Mitchell McClenaghan,MI,11,11,5,3,11,5.5,10,110.0,0,0,1,1,2018,Not_out
105,Mohit Sharma,PBKS,10,9,4,3,4,10.0,13,76.92,0,0,1,0,2018,Not_out
106,Mujeeb Ur Rahman,PBKS,10,11,2,1,10,10.0,7,142.85,0,0,2,0,2018,Not_out
107,Jasprit Bumrah,MI,10,14,3,2,6,10.0,11,90.9,0,0,1,0,2018,Not_out
108,Akshdeep Nath,PBKS,9,1,1,0,9,9.0,13,69.23,0,0,1,0,2018,out
109,Dhruv Shorey,CSK,8,1,1,0,8,8.0,9,88.88,0,0,0,1,2018,out
110,Prashant Chopra,RR,8,1,1,0,8,8.0,6,133.33,0,0,2,0,2018,out
111,Javon Searles,KKR,8,4,2,1,6,8.0,6,133.33,0,0,0,1,2018,Not_out
112,Mohammad Shami,DC,7,4,1,0,7,7.0,6,116.66,0,0,1,0,2018,out
113,Vinay Kumar,KKR,6,2,1,1,6,0.0,3,200.0,0,0,1,0,2018,Not_out
114,Shahbaz Nadeem,DC,6,6,1,1,6,0.0,8,75.0,0,0,0,0,2018,Not_out
115,Dhawal Kulkarni,RR,6,8,2,1,3,6.0,7,85.71,0,0,0,0,2018,Not_out
116,Billy Stanlake,SRH,5,4,1,1,5,0.0,2,250.0,0,0,1,0,2018,Not_out
117,Akila Dananjaya,MI,4,1,1,1,4,0.0,5,80.0,0,0,0,0,2018,Not_out
118,Pawan Negi,RCB,3,2,2,0,3,1.5,5,60.0,0,0,0,0,2018,out
119,Anureet Singh,RR,3,3,1,1,3,0.0,4,75.0,0,0,0,0,2018,Not_out
120,Basil Thampi,SRH,3,4,2,1,3,3.0,6,50.0,0,0,0,0,2018,out
121,Barinder Sran,PBKS,3,6,4,3,2,3.0,7,42.85,0,0,0,0,2018,out
122,Umesh Yadav,RCB,3,14,5,1,1,0.75,11,27.27,0,0,0,0,2018,Not_out
123,Siddarth Kaul,SRH,3,17,4,1,2,1.0,14,21.42,0,0,0,0,2018,out
124,Imran Tahir,CSK,2,6,1,1,2,0.0,2,100.0,0,0,0,0,2018,Not_out
125,Mark Wood,CSK,1,1,1,0,1,1.0,3,33.33,0,0,0,0,2018,out
126,Naman Ojha,DC,1,1,1,0,1,1.0,4,25.0,0,0,0,0,2018,out
127,Murugan Ashwin,RCB,1,2,1,0,1,1.0,2,50.0,0,0,0,0,2018,out
128,Ish Sodhi,RR,1,6,1,0,1,1.0,6,16.66,0,0,0,0,2018,out
129,Ben Laughlin,RR,1,7,2,1,1,1.0,4,25.0,0,0,0,0,2018,Not_out
130,Liam Plunkett,DC,1,7,2,1,1,1.0,3,33.33,0,0,0,0,2018,Not_out
131,Mustafizur Rahman,MI,1,7,2,1,1,1.0,3,33.33,0,0,0,0,2018,out
132,Prasidh Krishna,KKR,1,7,2,2,1,0.0,5,20.0,0,0,0,0,2018,Not_out
133,Amit Mishra,DC,1,10,1,1,1,0.0,2,50.0,0,0,0,0,2018,Not_out
134,Pradeep Sangwan,MI,0,1,1,0,0,0.0,4,0.0,0,0,0,0,2018,Not_out
135,Ricky Bhui,SRH,0,1,1,0,0,0.0,5,0.0,0,0,0,0,2018,Not_out
136,Sandeep Sharma,SRH,0,12,3,1,0,0.0,4,0.0,0,0,0,0,2018,Not_out
137,Trent Boult,DC,0,14,1,0,0,0.0,2,0.0,0,0,0,0,2018,Not_out
138,Yuzvendra Chahal,RCB,0,14,1,1,0,0.0,4,0.0,0,0,0,0,2018,Not_out
1,David Warner,SRH,692,12,12,2,100,69.2,481,143.86,1,8,57,21,2019,Not_out
2,KL Rahul,PBKS,593,14,14,3,100,53.9,438,135.38,1,6,49,25,2019,Not_out
3,Quinton de Kock,MI,529,16,16,1,81,35.26,398,132.91,0,4,45,25,2019,out
4,Shikhar Dhawan,DC,521,16,16,1,97,34.73,384,135.67,0,5,64,11,2019,Not_out
5,Andre Russell,KKR,510,14,13,4,80,56.66,249,204.81,0,4,31,52,2019,Not_out
6,Chris Gayle,PBKS,490,13,13,1,99,40.83,319,153.6,0,4,45,34,2019,Not_out
7,Rishabh Pant,DC,488,16,16,3,78,37.53,300,162.66,0,3,37,27,2019,Not_out
8,Virat Kohli,RCB,464,14,14,0,100,33.14,328,141.46,1,2,46,13,2019,out
9,Shreyas Iyer,DC,463,16,16,1,67,30.86,386,119.94,0,3,41,14,2019,out
10,Jonny Bairstow,SRH,445,10,10,2,114,55.62,283,157.24,1,2,48,18,2019,out
11,AB de Villiers,RCB,442,13,13,3,82,44.2,287,154.0,0,5,31,26,2019,Not_out
12,Suryakumar Yadav,MI,424,16,15,2,71,32.61,324,130.86,0,2,45,10,2019,Not_out
13,MS Dhoni,CSK,416,15,12,7,84,83.2,309,134.62,0,3,22,23,2019,Not_out
14,Chris Lynn,KKR,405,13,13,0,82,31.15,290,139.65,0,4,41,22,2019,out
15,Rohit Sharma,MI,405,15,15,1,67,28.92,315,128.57,0,2,52,10,2019,out
16,Hardik Pandya,MI,402,16,15,6,91,44.66,210,191.42,0,1,28,29,2019,out
17,Shane Watson,CSK,398,17,17,0,96,23.41,312,127.56,0,3,42,20,2019,out
18,Faf du Plessis,CSK,396,12,12,1,96,36.0,321,123.36,0,3,36,15,2019,out
19,Ajinkya Rahane,RR,393,14,13,1,105,32.75,285,137.89,1,1,45,9,2019,Not_out
20,Suresh Raina,CSK,383,17,17,1,59,23.93,314,121.97,0,3,45,9,2019,out
21,Parthiv Patel,RCB,373,14,14,0,67,26.64,268,139.17,0,2,48,10,2019,out
22,Prithvi Shaw,DC,353,16,16,0,99,22.06,264,133.71,0,2,45,9,2019,out
23,Manish Pandey,SRH,344,12,11,3,83,43.0,263,130.79,0,3,34,6,2019,Not_out
24,Nitish Rana,KKR,344,14,11,1,85,34.4,235,146.38,0,3,27,21,2019,Not_out
25,Sanju Samson,RR,342,12,12,2,102,34.2,230,148.69,1,0,28,13,2019,Not_out
26,Mayank Agarwal,PBKS,332,13,13,0,58,25.53,234,141.88,0,2,26,14,2019,out
27,Steve Smith,RR,319,12,10,2,73,39.87,275,116.0,0,3,30,4,2019,Not_out
28,Jos Buttler,RR,311,8,8,0,89,38.87,205,151.7,0,3,38,14,2019,out
29,Shubman Gill,KKR,296,14,13,4,76,32.88,238,124.36,0,3,21,10,2019,out
30,Robin Uthappa,KKR,282,12,11,2,67,31.33,245,115.1,0,1,28,10,2019,Not_out
31,Ambati Rayudu,CSK,282,17,17,5,57,23.5,303,93.06,0,1,20,7,2019,out
32,Kieron Pollard,MI,279,16,14,6,83,34.87,178,156.74,0,1,14,22,2019,out
33,Dinesh Karthik,KKR,253,14,13,5,97,31.62,173,146.24,0,2,22,14,2019,Not_out
34,Vijay Shankar,SRH,244,15,14,2,40,20.33,193,126.42,0,0,11,12,2019,Not_out
35,Moeen Ali,RCB,220,11,10,2,66,27.5,133,165.41,0,2,16,17,2019,out
36,David Miller,PBKS,213,10,10,2,59,26.62,164,129.87,0,1,19,7,2019,Not_out
37,Marcus Stoinis,RCB,211,10,10,6,46,52.75,156,135.25,0,0,14,10,2019,Not_out
38,Colin Ingram,DC,184,12,12,2,47,18.4,154,119.48,0,0,20,5,2019,out
39,Krunal Pandya,MI,183,16,15,4,42,16.63,150,122.0,0,0,18,5,2019,out
40,Sarfaraz Khan,PBKS,180,8,5,1,67,45.0,143,125.87,0,1,19,4,2019,out
41,Nicholas Pooran,PBKS,168,7,6,0,48,28.0,107,157.0,0,0,10,14,2019,out
42,Mandeep Singh,PBKS,165,13,12,8,33,41.25,120,137.5,0,0,10,4,2019,Not_out
43,Kedar Jadhav,CSK,162,14,12,3,58,18.0,169,95.85,0,1,19,3,2019,out
44,Riyan Parag,RR,160,7,5,0,50,32.0,126,126.98,0,1,17,5,2019,out
45,Kane Williamson,SRH,156,9,9,2,70,22.28,130,120.0,0,1,12,5,2019,Not_out
46,Sunil Narine,KKR,143,12,9,1,47,17.87,86,166.27,0,0,17,9,2019,out
47,Rahul Tripathi,RR,141,8,7,1,50,23.5,118,119.49,0,1,13,2,2019,out
48,Ben Stokes,RR,123,9,9,3,46,20.5,99,124.24,0,0,8,4,2019,out
49,Mohammad Nabi,SRH,115,8,7,1,31,19.16,76,151.31,0,0,8,7,2019,out
50,Axar Patel,DC,110,14,12,6,26,18.33,88,125.0,0,0,10,3,2019,out
51,Ravindra Jadeja,CSK,106,16,9,6,31,35.33,88,120.45,0,0,7,4,2019,Not_out
52,Ishan Kishan,MI,101,7,6,0,28,16.83,100,101.0,0,0,8,4,2019,out
53,Gurkeerat Mann Singh,RCB,98,3,3,0,65,32.66,70,140.0,0,1,11,2,2019,out
54,Yuvraj Singh,MI,98,4,4,0,53,24.5,75,130.66,0,1,7,6,2019,out
55,Sam Curran,PBKS,95,9,8,4,55,23.75,55,172.72,0,1,13,3,2019,Not_out
56,Shimron Hetmyer,RCB,90,5,5,0,75,18.0,73,123.28,0,1,4,7,2019,out
57,Wriddhiman Saha,SRH,86,5,5,0,28,17.2,53,162.26,0,0,13,1,2019,out
58,Colin Munro,DC,84,4,4,0,40,21.0,70,120.0,0,0,9,4,2019,out
59,Martin Guptill,SRH,81,3,3,0,36,27.0,53,152.83,0,0,4,7,2019,out
60,Dwayne Bravo,CSK,80,12,9,4,27,16.0,66,121.21,0,0,6,3,2019,out
61,Sherfane Rutherford,DC,73,7,7,2,28,14.6,54,135.18,0,0,2,7,2019,Not_out
62,Liam Livingstone,RR,71,4,4,1,44,23.66,48,147.91,0,0,6,5,2019,out
63,Stuart Binny,RR,70,8,5,2,33,23.33,40,175.0,0,0,5,4,2019,Not_out
64,Jofra Archer,RR,67,11,5,3,27,33.5,40,167.5,0,0,4,4,2019,Not_out
65,Murali Vijay,CSK,64,2,2,0,38,32.0,61,104.91,0,0,6,1,2019,out
66,Deepak Hooda,SRH,64,11,7,1,20,10.66,63,101.58,0,0,5,1,2019,out
67,Shreyas Gopal,RR,63,14,7,3,19,15.75,46,136.95,0,0,8,1,2019,Not_out
68,Akshdeep Nath,RCB,61,8,5,0,24,12.2,57,107.01,0,0,5,2,2019,out
69,Evin Lewis,MI,48,3,3,0,32,16.0,52,92.3,0,0,4,2,2019,out
70,Colin de Grandhomme,RCB,46,4,4,1,37,15.33,49,93.87,0,0,4,2,2019,out
71,Piyush Chawla,KKR,42,13,5,2,14,14.0,37,113.51,0,0,4,2,2019,Not_out
72,Ravichandran Ashwin,PBKS,42,14,6,1,17,8.4,28,150.0,0,0,3,3,2019,Not_out
73,Shivam Dube,RCB,40,4,4,1,24,13.33,33,121.21,0,0,1,3,2019,out
74,Yusuf Pathan,SRH,40,10,8,5,16,13.33,45,88.88,0,0,1,1,2019,Not_out
75,Rinku Singh,KKR,37,5,3,1,30,18.5,34,108.82,0,0,1,2,2019,out
76,Rashid Khan,SRH,34,15,8,3,17,6.8,23,147.82,0,0,2,2,2019,Not_out
77,Mitchell Santner,CSK,32,4,2,1,22,32.0,23,139.13,0,0,0,3,2019,out
78,Chris Morris,DC,32,9,6,0,17,5.33,37,86.48,0,0,1,2,2019,out
79,Rahul Tewatia,DC,26,5,4,3,11,26.0,22,118.18,0,0,2,1,2019,Not_out
80,Umesh Yadav,RCB,25,11,7,5,14,12.5,25,100.0,0,0,3,1,2019,out
81,Amit Mishra,DC,21,11,4,2,8,10.5,24,87.5,0,0,2,0,2019,out
82,Harpreet Brar,PBKS,20,2,1,1,20,0.0,12,166.66,0,0,2,1,2019,Not_out
83,Prayas Ray Barman,RCB,19,1,1,0,19,19.0,24,79.16,0,0,2,0,2019,out
84,Ben Cutting,MI,18,3,3,1,13,9.0,17,105.88,0,0,1,1,2019,Not_out
85,Krishnappa Gowtham,RR,18,7,4,1,9,6.0,19,94.73,0,0,1,1,2019,out
86,Keemo Paul,DC,18,8,6,1,7,3.6,24,75.0,0,0,1,1,2019,out
87,Prabhsimran Singh,PBKS,16,1,1,0,16,16.0,17,94.11,0,0,1,1,2019,out
88,Siddhesh Lad,MI,15,1,1,0,15,15.0,13,115.38,0,0,1,1,2019,out
89,Alzarri Joseph,MI,15,3,2,2,15,0.0,13,115.38,0,0,2,0,2019,Not_out
90,Shardul Thakur,CSK,14,10,3,1,12,7.0,7,200.0,0,0,1,1,2019,Not_out
91,Kagiso Rabada,DC,14,12,4,1,9,4.66,15,93.33,0,0,0,1,2019,out
92,Kuldeep Yadav,KKR,12,9,4,2,10,6.0,8,150.0,0,0,1,0,2019,Not_out
93,Rahul Chahar,MI,12,13,4,2,10,6.0,11,109.09,0,0,2,0,2019,out
94,Bhuvneshwar Kumar,SRH,12,15,5,2,7,4.0,19,63.15,0,0,1,0,2019,Not_out
95,Carlos Brathwaite,KKR,11,2,2,0,6,5.5,10,110.0,0,0,1,0,2019,out
96,Mitchell McClenaghan,MI,11,5,4,1,10,3.66,16,68.75,0,0,2,0,2019,out
97,Ishant Sharma,DC,10,13,3,3,10,0.0,3,333.33,0,0,1,1,2019,Not_out
98,KC Cariappa,KKR,9,1,1,1,9,0.0,3,300.0,0,0,0,1,2019,Not_out
99,Abhishek Sharma,SRH,9,3,3,1,5,4.5,9,100.0,0,0,1,0,2019,Not_out
100,Heinrich Klaasen,RCB,9,3,2,0,6,4.5,10,90.0,0,0,0,0,2019,out
101,Shakib Al Hasan,SRH,9,3,1,0,9,9.0,10,90.0,0,0,0,0,2019,out
102,Tim Southee,RCB,9,3,1,1,9,0.0,9,100.0,0,0,0,0,2019,Not_out
103,Pawan Negi,RCB,9,7,4,0,5,2.25,12,75.0,0,0,1,0,2019,out
104,Mahipal Lomror,RR,8,2,1,0,8,8.0,3,266.66,0,0,2,0,2019,out
105,Nikhil Naik,KKR,7,1,1,0,7,7.0,16,43.75,0,0,1,0,2019,out
106,Ricky Bhui,SRH,7,1,1,0,7,7.0,12,58.33,0,0,0,0,2019,out
107,Trent Boult,DC,7,5,3,2,6,7.0,4,175.0,0,0,0,1,2019,out
108,Deepak Chahar,CSK,7,17,2,0,7,3.5,9,77.77,0,0,1,0,2019,out
109,Jagadeesha Suchith,DC,6,1,1,0,6,6.0,15,40.0,0,0,0,0,2019,out
110,Ish Sodhi,RR,6,2,1,0,6,6.0,11,54.54,0,0,0,0,2019,out
111,Mayank Markande,MI,6,3,2,1,6,6.0,5,120.0,0,0,1,0,2019,out
112,Sandeep Sharma,SRH,6,11,2,2,5,0.0,3,200.0,0,0,1,0,2019,Not_out
113,Yuzvendra Chahal,RCB,6,14,3,1,4,3.0,16,37.5,0,0,0,0,2019,out
114,Dhruv Shorey,CSK,5,1,1,0,5,5.0,8,62.5,0,0,0,0,2019,out
115,Karun Nair,PBKS,5,1,1,0,5,5.0,6,83.33,0,0,0,0,2019,out
116,Rasikh Salam,MI,5,1,1,1,5,0.0,4,125.0,0,0,0,0,2019,Not_out
117,Dhawal Kulkarni,RR,5,10,1,1,5,0.0,3,166.66,0,0,1,0,2019,Not_out
118,Avesh Khan,DC,4,1,1,1,4,0.0,3,133.33,0,0,1,0,2019,Not_out
119,Hanuma Vihari,DC,4,2,2,0,2,2.0,8,50.0,0,0,0,0,2019,out
120,Mohammed Siraj,RCB,4,9,4,3,3,4.0,14,28.57,0,0,0,0,2019,Not_out
121,Barinder Sran,MI,3,2,1,1,3,0.0,3,100.0,0,0,0,0,2019,Not_out
122,Ashton Turner,RR,3,4,4,1,3,1.0,10,30.0,0,0,0,0,2019,Not_out
123,Varun Aaron,RR,3,5,1,1,3,0.0,7,42.85,0,0,0,0,2019,Not_out
124,Hardus Viljoen,PBKS,3,6,3,1,2,1.5,7,42.85,0,0,0,0,2019,Not_out
125,Murugan Ashwin,PBKS,3,10,3,2,1,3.0,5,60.0,0,0,0,0,2019,Not_out
126,Navdeep Saini,RCB,2,13,2,1,2,2.0,4,50.0,0,0,0,0,2019,out
127,Basil Thampi,SRH,1,3,1,1,1,0.0,1,100.0,0,0,0,0,2019,Not_out
128,Washington Sundar,RCB,1,3,2,0,1,0.5,3,33.33,0,0,0,0,2019,out
129,Harry Gurney,KKR,1,8,1,1,1,0.0,5,20.0,0,0,0,0,2019,Not_out
130,Harbhajan Singh,CSK,1,11,1,0,1,1.0,3,33.33,0,0,0,0,2019,out
131,Jaydev Unadkat,RR,1,11,4,3,1,1.0,3,33.33,0,0,0,0,2019,out
132,Mohammad Shami,PBKS,1,14,2,1,1,1.0,2,50.0,0,0,0,0,2019,Not_out
133,Joe Denly,KKR,0,1,1,0,0,0.0,1,0.0,0,0,0,0,2019,Not_out
134,Mohit Sharma,CSK,0,1,1,1,0,0.0,2,0.0,0,0,0,0,2019,Not_out
135,Sam Billings,CSK,0,1,1,0,0,0.0,4,0.0,0,0,0,0,2019,Not_out
136,Harshal Patel,DC,0,2,2,1,0,0.0,2,0.0,0,0,0,0,2019,Not_out
137,Prithvi Raj Yarra,KKR,0,2,1,1,0,0.0,1,0.0,0,0,0,0,2019,Not_out
138,Mujeeb Ur Rahman,PBKS,0,5,3,2,0,0.0,4,0.0,0,0,0,0,2019,Not_out
139,Andrew Tye,PBKS,0,6,1,1,0,0.0,2,0.0,0,0,0,0,2019,Not_out
140,Sandeep Lamichhane,DC,0,6,1,0,0,0.0,1,0.0,0,0,0,0,2019,Not_out
141,Siddarth Kaul,SRH,0,7,2,1,0,0.0,1,0.0,0,0,0,0,2019,Not_out
142,Khaleel Ahmed,SRH,0,9,1,0,0,0.0,1,0.0,0,0,0,0,2019,Not_out
143,Prasidh Krishna,KKR,0,11,1,0,0,0.0,2,0.0,0,0,0,0,2019,Not_out
144,Jasprit Bumrah,MI,0,16,3,3,0,0.0,1,0.0,0,0,0,0,2019,Not_out
1,KL Rahul,PBKS,670,14,14,2,132,55.83,518,129.34,1,5,58,23,2020,Not_out
2,Shikhar Dhawan,DC,618,17,17,3,106,44.14,427,144.73,2,4,67,12,2020,Not_out
3,David Warner,SRH,548,16,16,2,85,39.14,407,134.64,0,4,52,14,2020,Not_out
4,Shreyas Iyer,DC,519,17,17,2,88,34.6,421,123.27,0,3,40,16,2020,Not_out
5,Ishan Kishan,MI,516,14,13,4,99,57.33,354,145.76,0,4,36,30,2020,out
6,Quinton de Kock,MI,503,16,16,2,78,35.92,358,140.5,0,4,46,22,2020,Not_out
7,Suryakumar Yadav,MI,480,16,15,3,79,40.0,331,145.01,0,4,61,11,2020,Not_out
8,Devdutt Padikkal,RCB,473,15,15,0,74,31.53,379,124.8,0,5,51,8,2020,out
9,Virat Kohli,RCB,466,15,15,4,90,42.36,384,121.35,0,3,23,11,2020,Not_out
10,AB de Villiers,RCB,454,15,14,4,73,45.4,286,158.74,0,5,33,23,2020,Not_out
11,Faf du Plessis,CSK,449,13,13,2,87,40.81,319,140.75,0,4,42,14,2020,Not_out
12,Shubman Gill,KKR,440,14,14,1,70,33.84,373,117.96,0,3,44,9,2020,Not_out
13,Manish Pandey,SRH,425,16,15,2,83,32.69,333,127.62,0,3,35,18,2020,Not_out
14,Mayank Agarwal,PBKS,424,11,11,0,106,38.54,271,156.45,1,2,44,15,2020,out
15,Eoin Morgan,KKR,418,14,14,4,68,41.8,302,138.41,0,1,32,24,2020,Not_out
16,Sanju Samson,RR,375,14,14,1,85,28.84,236,158.89,0,3,21,26,2020,out
17,Ambati Rayudu,CSK,359,12,11,2,71,39.88,282,127.3,0,1,30,12,2020,out
18,Nicholas Pooran,PBKS,353,14,14,4,77,35.3,208,169.71,0,2,23,25,2020,out
19,Nitish Rana,KKR,352,14,14,0,87,25.14,254,138.58,0,3,43,12,2020,out
20,Marcus Stoinis,DC,352,17,17,3,65,25.14,237,148.52,0,3,31,16,2020,out
21,Jonny Bairstow,SRH,345,11,11,0,97,31.36,272,126.83,0,3,31,13,2020,out
22,Rishabh Pant,DC,343,14,14,3,56,31.18,301,113.95,0,1,31,9,2020,out
23,Rohit Sharma,MI,332,12,12,0,80,27.66,260,127.69,0,3,27,19,2020,out
24,Jos Buttler,RR,328,13,12,2,70,32.8,227,144.49,0,2,27,16,2020,Not_out
25,Kane Williamson,SRH,317,12,11,4,67,45.28,237,133.75,0,3,26,10,2020,out
26,Steve Smith,RR,311,14,14,2,69,25.91,237,131.22,0,3,32,9,2020,out
27,Shane Watson,CSK,299,11,11,1,83,29.9,247,121.05,0,2,33,13,2020,Not_out
28,Chris Gayle,PBKS,288,7,7,0,99,41.14,210,137.14,0,3,15,23,2020,out
29,Ben Stokes,RR,285,8,8,1,107,40.71,200,142.5,1,1,36,7,2020,Not_out
30,Hardik Pandya,MI,281,14,13,5,60,35.12,157,178.98,0,1,14,25,2020,Not_out
31,Aaron Finch,RCB,268,12,12,0,52,22.33,241,111.2,0,1,28,8,2020,out
32,Kieron Pollard,MI,268,16,12,7,60,53.6,140,191.42,0,1,15,22,2020,Not_out
33,Rahul Tewatia,RR,255,14,11,5,53,42.5,183,139.34,0,1,13,17,2020,out
34,Ravindra Jadeja,CSK,232,14,11,6,50,46.4,135,171.85,0,1,22,11,2020,out
35,Rahul Tripathi,KKR,230,11,11,1,81,23.0,181,127.07,0,1,21,10,2020,out
36,Prithvi Shaw,DC,228,13,13,0,66,17.53,167,136.52,0,2,27,8,2020,out
37,Wriddhiman Saha,SRH,214,4,4,1,87,71.33,153,139.86,0,2,24,5,2020,out
38,Ruturaj Gaikwad,CSK,204,6,6,2,72,51.0,169,120.71,0,3,16,6,2020,out
39,MS Dhoni,CSK,200,14,12,4,47,25.0,172,116.27,0,0,16,7,2020,Not_out
40,Robin Uthappa,RR,196,12,12,0,41,16.33,164,119.51,0,0,19,7,2020,out
41,Sam Curran,CSK,186,14,11,3,52,23.25,141,131.91,0,1,12,12,2020,out
42,Shimron Hetmyer,DC,185,12,11,3,45,23.12,125,148.0,0,0,11,12,2020,out
43,Dinesh Karthik,KKR,169,14,14,2,58,14.08,134,126.11,0,1,20,4,2020,out
44,Pat Cummins,KKR,146,14,11,4,53,20.85,114,128.07,0,1,9,8,2020,Not_out
45,Priyam Garg,SRH,133,14,10,1,51,14.77,111,119.81,0,1,9,4,2020,Not_out
46,Mandeep Singh,PBKS,130,7,7,1,66,21.66,109,119.26,0,1,10,4,2020,Not_out
47,Shivam Dube,RCB,129,11,9,2,27,18.42,105,122.85,0,0,5,9,2020,Not_out
48,Sunil Narine,KKR,121,10,9,0,64,13.44,85,142.35,0,1,10,8,2020,out
49,Andre Russell,KKR,117,10,9,0,25,13.0,81,144.44,0,0,9,9,2020,out
50,Axar Patel,DC,117,15,9,1,42,14.62,85,137.64,0,0,6,8,2020,out
51,Ajinkya Rahane,DC,113,9,8,0,60,14.12,107,105.6,0,1,12,2,2020,out
52,Jofra Archer,RR,113,14,10,4,27,18.83,63,179.36,0,0,5,10,2020,Not_out
53,Abdul Samad,SRH,111,12,8,3,33,22.2,65,170.76,0,0,8,6,2020,out
54,Washington Sundar,RCB,111,15,9,3,30,18.5,95,116.84,0,0,10,2,2020,out
55,Krunal Pandya,MI,109,16,12,6,34,18.16,92,118.47,0,0,9,5,2020,out
56,Glenn Maxwell,PBKS,108,13,11,4,32,15.42,106,101.88,0,0,9,0,2020,out
57,Saurabh Tiwary,MI,103,7,5,0,42,20.6,80,128.75,0,0,8,3,2020,out
58,Deepak Hooda,PBKS,101,7,5,4,62,101.0,71,142.25,0,1,5,5,2020,Not_out
59,Vijay Shankar,SRH,97,7,5,1,52,24.25,96,101.04,0,1,10,1,2020,Not_out
60,Riyan Parag,RR,86,12,8,1,42,12.28,77,111.68,0,0,6,3,2020,Not_out
61,Tom Curran,RR,83,5,4,3,54,83.0,62,133.87,0,1,5,3,2020,Not_out
62,Josh Philippe,RCB,78,5,5,1,33,19.5,77,101.29,0,0,9,1,2020,out
63,Abhishek Sharma,SRH,71,8,7,2,31,14.2,56,126.78,0,0,6,3,2020,out
64,Gurkeerat Mann Singh,RCB,71,8,5,5,21,0.0,80,88.75,0,0,8,0,2020,Not_out
65,Jason Holder,SRH,66,7,4,2,26,33.0,53,124.52,0,0,5,3,2020,Not_out
66,Kedar Jadhav,CSK,62,8,5,2,26,20.66,66,93.93,0,0,7,0,2020,out
67,Mahipal Lomror,RR,59,3,3,0,47,19.66,54,109.25,0,0,2,3,2020,out
68,Kagiso Rabada,DC,56,17,8,4,15,14.0,49,114.28,0,0,4,2,2020,Not_out
69,Lockie Ferguson,KKR,43,5,2,2,24,0.0,29,148.27,0,0,4,1,2020,Not_out
70,Krishnappa Gowtham,PBKS,42,2,2,1,22,42.0,27,155.55,0,0,3,2,2020,Not_out
71,Yashasvi Jaiswal,RR,40,3,3,0,34,13.33,44,90.9,0,0,2,2,2020,out
72,Shreyas Gopal,RR,37,14,5,1,23,9.25,39,94.87,0,0,3,0,2020,Not_out
73,Ravichandran Ashwin,DC,37,15,6,3,14,12.33,34,108.82,0,0,3,1,2020,Not_out
74,Rashid Khan,SRH,35,16,7,3,14,8.75,30,116.66,0,0,3,2,2020,out
75,Chris Morris,RCB,34,9,5,1,25,8.5,21,161.9,0,0,2,3,2020,Not_out
76,Narayan Jagadeesan,CSK,33,5,2,0,33,16.5,29,113.79,0,0,4,0,2020,out
77,Sarfaraz Khan,PBKS,33,5,3,1,14,16.5,29,113.79,0,0,5,0,2020,Not_out
78,Alex Carey,DC,32,3,3,1,14,16.0,29,110.34,0,0,0,1,2020,Not_out
79,Murali Vijay,CSK,32,3,3,0,21,10.66,43,74.41,0,0,4,0,2020,out
80,Chris Jordan,PBKS,29,9,5,2,13,9.66,31,93.54,0,0,2,0,2020,out
81,Navdeep Saini,RCB,27,13,3,2,12,27.0,27,100.0,0,0,3,0,2020,Not_out
82,Nathan Coulter-Nile,MI,25,7,2,1,24,25.0,15,166.66,0,0,4,0,2020,Not_out
83,Kamlesh Nagarkoti,KKR,22,10,6,3,8,7.33,31,70.96,0,0,1,0,2020,Not_out
84,Harshal Patel,DC,21,5,2,0,16,10.5,24,87.5,0,0,2,0,2020,out
85,Tushar Deshpande,DC,21,5,2,1,20,21.0,12,175.0,0,0,2,1,2020,Not_out
86,Jimmy Neesham,PBKS,19,5,3,1,10,9.5,18,105.55,0,0,0,1,2020,Not_out
87,Tom Banton,KKR,18,2,2,0,10,9.0,20,90.0,0,0,1,1,2020,out
88,Mohammed Siraj,RCB,17,9,3,2,10,17.0,14,121.42,0,0,2,0,2020,Not_out
89,Karun Nair,PBKS,16,4,3,1,15,8.0,14,114.28,0,0,2,0,2020,Not_out
90,Prabhsimran Singh,PBKS,15,2,2,0,11,7.5,15,100.0,0,0,2,0,2020,out
91,Isuru Udana,RCB,15,10,4,1,10,5.0,11,136.36,0,0,1,1,2020,Not_out
92,James Pattinson,MI,15,10,2,1,11,15.0,13,115.38,0,0,2,0,2020,out
93,Imran Tahir,CSK,13,3,1,1,13,0.0,10,130.0,0,0,2,0,2020,Not_out
94,Kuldeep Yadav,KKR,13,5,2,1,12,13.0,21,61.9,0,0,1,0,2020,out
95,Moeen Ali,RCB,12,3,3,0,11,4.0,16,75.0,0,0,1,0,2020,out
96,Shardul Thakur,CSK,12,9,2,1,11,12.0,21,57.14,0,0,0,0,2020,out
97,Sandeep Sharma,SRH,12,13,5,3,9,6.0,15,80.0,0,0,1,0,2020,out
98,Mohammad Nabi,SRH,11,1,1,1,11,0.0,8,137.5,0,0,2,0,2020,Not_out
99,Rinku Singh,KKR,11,1,1,0,11,11.0,11,100.0,0,0,1,0,2020,out
100,Shivam Mavi,KKR,10,8,3,1,9,5.0,14,71.42,0,0,1,0,2020,out
101,Varun Chakaravarthy,KKR,10,13,3,1,7,5.0,15,66.66,0,0,0,0,2020,Not_out
102,Ankit Rajpoot,RR,9,6,2,1,7,9.0,10,90.0,0,0,0,1,2020,Not_out
103,Jaydev Unadkat,RR,9,7,1,0,9,9.0,13,69.23,0,0,0,0,2020,out
104,Pravin Dubey,DC,7,3,1,1,7,0.0,13,53.84,0,0,0,0,2020,Not_out
105,Dwayne Bravo,CSK,7,6,2,0,7,3.5,6,116.66,0,0,0,0,2020,out
106,Shahbaz Nadeem,SRH,7,7,2,1,5,7.0,8,87.5,0,0,1,0,2020,out
107,Deepak Chahar,CSK,7,14,3,2,5,7.0,12,58.33,0,0,0,0,2020,Not_out
108,Ravi Bishnoi,PBKS,7,14,3,2,6,7.0,12,58.33,0,0,1,0,2020,Not_out
109,Anrich Nortje,DC,7,16,5,4,3,7.0,6,116.66,0,0,0,0,2020,Not_out
110,Andrew Tye,RR,6,1,1,0,6,6.0,6,100.0,0,0,0,1,2020,out
111,Jasprit Bumrah,MI,5,15,1,1,5,0.0,3,166.66,0,0,0,0,2020,Not_out
112,Murugan Ashwin,PBKS,4,9,1,0,4,4.0,4,100.0,0,0,0,0,2020,out
113,Kartik Tyagi,RR,4,10,3,2,2,4.0,6,66.66,0,0,0,0,2020,Not_out
114,Dhawal Kulkarni,MI,3,1,1,1,3,0.0,2,150.0,0,0,0,0,2020,Not_out
115,T Natarajan,SRH,3,16,3,3,3,0.0,5,60.0,0,0,0,0,2020,Not_out
116,Prasidh Krishna,KKR,2,6,2,2,2,0.0,4,50.0,0,0,0,0,2020,Not_out
117,Mohammad Shami,PBKS,2,14,3,2,2,2.0,3,66.66,0,0,0,0,2020,Not_out
118,Rahul Chahar,MI,2,15,1,1,2,0.0,4,50.0,0,0,0,0,2020,Not_out
119,Nikhil Naik,KKR,1,1,1,0,1,1.0,3,33.33,0,0,0,0,2020,out
120,Mujeeb Ur Rahman,PBKS,1,2,1,0,1,1.0,3,33.33,0,0,0,0,2020,out
121,Shahbaz Ahmed,RCB,1,2,1,1,1,0.0,1,100.0,0,0,0,0,2020,Not_out
122,Dale Steyn,RCB,1,3,1,1,1,0.0,2,50.0,0,0,0,0,2020,Not_out
123,Varun Aaron,RR,1,3,2,1,1,1.0,10,10.0,0,0,0,0,2020,out
124,Yuzvendra Chahal,RCB,1,15,2,1,1,1.0,3,33.33,0,0,0,0,2020,out
125,Mitchell Marsh,SRH,0,1,1,0,0,0.0,1,0.0,0,0,0,0,2020,Not_out
126,Shreevats Goswami,SRH,0,2,2,0,0,0.0,4,0.0,0,0,0,0,2020,Not_out
127,Umesh Yadav,RCB,0,2,1,0,0,0.0,2,0.0,0,0,0,0,2020,Not_out
128,Daniel Sams,DC,0,3,1,0,0,0.0,2,0.0,0,0,0,0,2020,Not_out
129,Bhuvneshwar Kumar,SRH,0,4,1,0,0,0.0,2,0.0,0,0,0,0,2020,Not_out
130,Sheldon Cottrell,PBKS,0,6,1,0,0,0.0,2,0.0,0,0,0,0,2020,Not_out
131,Khaleel Ahmed,SRH,0,7,1,0,0,0.0,2,0.0,0,0,0,0,2020,Not_out
132,Arshdeep Singh,PBKS,0,8,1,0,0,0.0,3,0.0,0,0,0,0,2020,Not_out
133,Trent Boult,MI,0,15,1,0,0,0.0,1,0.0,0,0,0,0,2020,Not_out
1,Ruturaj Gaikwad,CSK,635,16,16,2,101,45.35,466,136.26,1,4,64,23,2021,Not_out
2,Faf du Plessis,CSK,633,16,16,2,95,45.21,458,138.2,0,6,60,23,2021,Not_out
3,KL Rahul,PBKS,626,13,13,3,98,62.6,451,138.8,0,6,48,30,2021,Not_out
4,Shikhar Dhawan,DC,587,16,16,1,92,39.13,471,124.62,0,3,63,16,2021,out
5,Glenn Maxwell,RCB,513,15,14,2,78,42.75,356,144.1,0,6,48,21,2021,out
6,Sanju Samson,RR,484,14,14,2,119,40.33,354,136.72,1,2,45,17,2021,out
7,Prithvi Shaw,DC,479,15,15,0,82,31.93,301,159.13,0,4,56,18,2021,out
8,Shubman Gill,KKR,478,17,17,0,57,28.11,402,118.9,0,3,50,12,2021,out
9,Mayank Agarwal,PBKS,441,12,12,1,99,40.09,314,140.44,0,4,42,18,2021,Not_out
10,Rishabh Pant,DC,419,16,16,4,58,34.91,326,128.52,0,3,42,10,2021,Not_out
11,Devdutt Padikkal,RCB,411,14,14,1,101,31.61,328,125.3,1,1,44,14,2021,Not_out
12,Virat Kohli,RCB,405,15,15,1,72,28.92,339,119.46,0,3,43,9,2021,Not_out
13,Rahul Tripathi,KKR,397,17,16,2,74,28.35,283,140.28,0,2,41,11,2021,Not_out
14,Nitish Rana,KKR,383,17,16,3,80,29.46,314,121.97,0,2,34,17,2021,out
15,Rohit Sharma,MI,381,13,13,0,63,29.3,299,127.42,0,1,33,14,2021,out
16,Venkatesh Iyer,KKR,370,10,10,1,67,41.11,288,128.47,0,4,37,14,2021,out
17,Moeen Ali,CSK,357,15,15,1,58,25.5,260,137.3,0,1,31,19,2021,out
18,Suryakumar Yadav,MI,317,14,14,0,82,22.64,221,143.43,0,2,40,10,2021,out
19,AB de Villiers,RCB,313,15,14,4,76,31.3,211,148.34,0,2,23,16,2021,Not_out
20,Quinton de Kock,MI,297,11,11,1,70,29.7,256,116.01,0,2,29,7,2021,Not_out
21,Manish Pandey,SRH,292,8,8,2,69,48.66,236,123.72,0,3,21,10,2021,Not_out
22,Kane Williamson,SRH,266,10,10,4,66,44.33,235,113.19,0,2,29,2,2021,Not_out
23,Ambati Rayudu,CSK,257,16,13,4,72,28.55,170,151.17,0,2,16,17,2021,Not_out
24,Jos Buttler,RR,254,7,7,0,124,36.28,166,153.01,1,0,27,13,2021,out
25,Yashasvi Jaiswal,RR,249,10,10,0,50,24.9,168,148.21,0,1,32,10,2021,out
26,Jonny Bairstow,SRH,248,7,7,1,63,41.33,175,141.71,0,2,20,15,2021,Not_out
27,Kieron Pollard,MI,245,14,13,5,87,30.62,165,148.48,0,1,16,16,2021,Not_out
28,Shimron Hetmyer,DC,242,14,13,6,53,34.57,144,168.05,0,1,19,12,2021,Not_out
29,Ishan Kishan,MI,241,10,10,1,84,26.77,180,133.88,0,2,21,10,2021,out
30,Shivam Dube,RR,230,9,9,1,64,28.75,193,119.17,0,1,18,10,2021,Not_out
31,Ravindra Jadeja,CSK,227,16,12,9,62,75.66,156,145.51,0,1,19,9,2021,Not_out
32,Dinesh Karthik,KKR,223,17,15,5,40,22.3,170,131.17,0,0,22,7,2021,out
33,David Warner,SRH,195,8,8,0,57,24.37,181,107.73,0,2,15,6,2021,out
34,Chris Gayle,PBKS,193,10,10,1,46,21.44,154,125.32,0,0,21,8,2021,out
35,K.S Bharat,RCB,191,8,7,2,78,38.2,156,122.43,0,1,10,8,2021,Not_out
36,Andre Russell,KKR,183,10,9,2,54,26.14,120,152.5,0,1,14,14,2021,out
37,Shreyas Iyer,DC,175,8,8,3,47,35.0,171,102.33,0,0,7,5,2021,Not_out
38,Deepak Hooda,PBKS,160,12,11,1,64,16.0,123,130.08,0,1,9,9,2021,out
39,Suresh Raina,CSK,160,12,11,2,54,17.77,128,125.0,0,1,13,9,2021,out
40,Rahul Tewatia,RR,155,14,11,1,44,15.5,147,105.44,0,0,11,6,2021,out
41,Shahrukh Khan,PBKS,153,11,10,3,47,21.85,114,134.21,0,0,9,10,2021,out
42,Steve Smith,DC,152,8,7,1,39,25.33,135,112.59,0,0,13,2,2021,out
43,Evin Lewis,RR,151,5,5,0,58,30.2,93,162.36,0,1,18,7,2021,out
44,Jason Roy,SRH,150,5,5,0,60,30.0,121,123.96,0,1,21,1,2021,out
45,Aiden Markram,PBKS,146,6,6,1,42,29.2,119,122.68,0,0,12,4,2021,out
46,Krunal Pandya,MI,143,13,12,2,39,14.3,123,116.26,0,0,10,6,2021,out
47,Eoin Morgan,KKR,133,17,16,4,47,11.08,139,95.68,0,0,8,6,2021,Not_out
48,Wriddhiman Saha,SRH,131,9,9,0,44,14.55,140,93.57,0,0,7,5,2021,out
49,Hardik Pandya,MI,127,12,11,2,40,14.11,112,113.39,0,0,11,5,2021,Not_out
50,David Miller,RR,124,9,8,3,62,24.8,113,109.73,0,1,11,3,2021,out
51,Robin Uthappa,CSK,115,4,4,0,63,28.75,84,136.9,0,1,8,5,2021,out
52,Saurabh Tiwary,MI,115,5,4,2,50,57.5,97,118.55,0,1,10,2,2021,Not_out
53,MS Dhoni,CSK,114,16,11,4,18,16.28,107,106.54,0,0,12,3,2021,Not_out
54,Abdul Samad,SRH,111,11,10,1,28,12.33,87,127.58,0,0,4,8,2021,out
55,Abhishek Sharma,SRH,98,8,7,1,33,16.33,75,130.66,0,0,7,4,2021,out
56,Mahipal Lomror,RR,94,4,4,1,43,31.33,73,128.76,0,0,3,6,2021,out
57,Pat Cummins,KKR,93,7,5,2,66,31.0,56,166.07,0,1,5,8,2021,Not_out
58,Riyan Parag,RR,93,11,10,2,25,11.62,83,112.04,0,0,6,4,2021,out
59,Marcus Stoinis,DC,89,10,7,3,27,22.25,72,123.61,0,0,11,1,2021,Not_out
60,Jason Holder,SRH,85,8,7,1,47,14.16,72,118.05,0,0,2,6,2021,Not_out
61,Nicholas Pooran,PBKS,85,12,11,0,32,7.72,76,111.84,0,0,3,5,2021,out
62,Rashid Khan,SRH,83,14,10,2,22,10.37,69,120.28,0,0,9,2,2021,out
63,Priyam Garg,SRH,72,5,5,0,29,14.4,74,97.29,0,0,2,3,2021,out
64,Rajat Patidar,RCB,71,4,4,0,31,17.75,62,114.51,0,0,3,3,2021,out
65,Lalit Yadav,DC,68,7,5,3,22,34.0,73,93.15,0,0,7,0,2021,Not_out
66,Chris Morris,RR,67,11,7,2,36,13.4,49,136.73,0,0,2,5,2021,Not_out
67,Kyle Jamieson,RCB,65,9,7,3,16,16.25,55,118.18,0,0,5,3,2021,Not_out
68,Harpreet Brar,PBKS,64,7,5,5,25,0.0,58,110.34,0,0,3,2,2021,Not_out
69,Sunil Narine,KKR,62,14,10,2,26,7.75,47,131.91,0,0,3,5,2021,out
70,Shahbaz Ahmed,RCB,59,11,7,0,14,8.42,53,111.32,0,0,4,2,2021,out
71,Harshal Patel,RCB,59,15,8,4,31,14.75,46,128.26,0,0,6,2,2021,out
72,Vijay Shankar,SRH,58,7,5,0,28,11.6,52,111.53,0,0,1,3,2021,out
73,Sam Curran,CSK,56,9,4,1,34,18.66,29,193.1,0,0,5,3,2021,out
74,Kedar Jadhav,SRH,55,6,5,1,19,13.75,52,105.76,0,0,2,2,2021,out
75,Chris Lynn,MI,49,1,1,0,49,49.0,35,140.0,0,0,4,3,2021,out
76,Shakib Al Hasan,KKR,47,8,6,1,26,9.4,48,97.91,0,0,3,1,2021,out
77,Dwayne Bravo,CSK,47,11,3,2,23,47.0,18,261.11,0,0,3,4,2021,out
78,Ravichandran Ashwin,DC,44,13,5,2,20,14.66,42,104.76,0,0,2,1,2021,Not_out
79,Manan Vohra,RR,42,4,4,0,14,10.5,39,107.69,0,0,5,2,2021,out
80,Liam Livingstone,RR,42,5,5,0,25,8.4,41,102.43,0,0,3,1,2021,out
81,Jaydev Unadkat,RR,41,6,3,1,24,20.5,29,141.37,0,0,3,2,2021,out
82,Axar Patel,DC,40,12,6,1,12,8.0,46,86.95,0,0,2,1,2021,out
83,Mohammad Nabi,SRH,34,3,3,0,17,11.33,20,170.0,0,0,3,2,2021,out
84,Jayant Yadav,MI,34,5,3,1,23,17.0,26,130.76,0,0,2,1,2021,out
85,Bhuvneshwar Kumar,SRH,34,11,7,6,14,34.0,30,113.33,0,0,3,0,2021,Not_out
86,Chris Jordan,PBKS,32,4,2,0,30,16.0,21,152.38,0,0,1,3,2021,out
87,Moises Henriques,PBKS,31,5,4,2,14,15.5,32,96.87,0,0,0,1,2021,out
88,Washington Sundar,RCB,31,6,4,0,10,7.75,47,65.95,0,0,2,0,2021,out
89,Dawid Malan,PBKS,26,1,1,0,26,26.0,26,100.0,0,0,1,1,2021,out
90,Glenn Phillips,RR,26,3,3,1,14,13.0,33,78.78,0,0,1,2,2021,Not_out
91,Ripal Patel,DC,25,2,2,1,18,25.0,27,92.59,0,0,3,0,2021,out
92,Shivam Mavi,KKR,25,9,2,0,20,12.5,20,125.0,0,0,2,2,2021,out
93,Tom Curran,DC,21,3,2,1,21,21.0,17,123.52,0,0,2,0,2021,out
94,Mohammed Siraj,RCB,20,15,4,3,12,20.0,26,76.92,0,0,1,1,2021,Not_out
95,Prabhsimran Singh,PBKS,19,2,2,0,12,9.5,23,82.6,0,0,1,1,2021,out
96,Nathan Ellis,PBKS,18,3,2,1,12,18.0,16,112.5,0,0,0,1,2021,out
97,Lockie Ferguson,KKR,18,8,3,3,18,0.0,11,163.63,0,0,1,1,2021,Not_out
98,Anmolpreet Singh,MI,16,1,1,0,16,16.0,14,114.28,0,0,2,1,2021,out
99,Adam Milne,MI,16,4,3,1,15,8.0,17,94.11,0,0,0,1,2021,out
100,Chetan Sakariya,RR,16,14,6,1,7,3.2,25,64.0,0,0,2,0,2021,out
101,Jasprit Bumrah,MI,16,14,7,5,5,8.0,17,94.11,0,0,2,0,2021,Not_out
102,Mandeep Singh,PBKS,15,1,1,0,15,15.0,14,107.14,0,0,2,0,2021,out
103,Chris Woakes,DC,15,3,1,1,15,0.0,11,136.36,0,0,2,0,2021,Not_out
104,Jhye Richardson,PBKS,15,3,2,0,15,7.5,24,62.5,0,0,2,0,2021,out
105,Murugan Ashwin,PBKS,15,3,2,0,9,7.5,24,62.5,0,0,1,0,2021,out
106,Virat Singh,SRH,15,3,2,0,11,7.5,26,57.69,0,0,1,0,2021,out
107,Jagadeesha Suchith,SRH,14,2,1,1,14,0.0,6,233.33,0,0,2,1,2021,Not_out
108,Dan Christian,RCB,14,9,7,1,9,2.33,24,58.33,0,0,1,0,2021,out
109,Rahul Chahar,MI,14,11,5,0,8,2.8,15,93.33,0,0,1,0,2021,out
110,Mohammad Shami,PBKS,13,14,4,3,9,13.0,17,76.47,0,0,0,0,2021,Not_out
111,Kagiso Rabada,DC,13,15,3,2,9,13.0,6,216.66,0,0,2,0,2021,Not_out
112,Yuzvendra Chahal,RCB,10,15,2,2,8,0.0,27,37.03,0,0,0,0,2021,Not_out
113,Ajinkya Rahane,DC,8,2,1,0,8,8.0,8,100.0,0,0,1,0,2021,out
114,Sandeep Sharma,SRH,8,7,2,1,8,8.0,7,114.28,0,0,1,0,2021,Not_out
115,Siddarth Kaul,SRH,8,8,2,2,7,0.0,8,100.0,0,0,1,0,2021,Not_out
116,Mustafizur Rahman,RR,8,14,5,5,8,0.0,14,57.14,0,0,0,1,2021,Not_out
117,Sachin Baby,RCB,7,1,1,0,7,7.0,17,41.17,0,0,0,0,2021,out
118,Shreyas Gopal,RR,7,3,2,1,7,7.0,5,140.0,0,0,0,1,2021,Not_out
119,Daniel Sams,RCB,6,2,2,1,3,6.0,6,100.0,0,0,0,0,2021,Not_out
120,Fabian Allen,PBKS,6,4,3,2,6,6.0,12,50.0,0,0,0,0,2021,out
121,Avesh Khan,DC,5,16,1,1,5,0.0,3,166.66,0,0,1,0,2021,Not_out
122,Shardul Thakur,CSK,5,16,4,2,3,2.5,5,100.0,0,0,0,0,2021,Not_out
123,Harbhajan Singh,KKR,4,3,2,2,2,0.0,4,100.0,0,0,0,0,2021,Not_out
124,Nathan Coulter-Nile,MI,4,5,2,0,3,2.0,5,80.0,0,0,0,0,2021,out
125,Tim Southee,KKR,3,3,1,0,3,3.0,5,60.0,0,0,0,0,2021,out
126,Tabraiz Shamsi,RR,2,1,1,1,2,0.0,4,50.0,0,0,0,0,2021,Not_out
127,Tim Seifert,KKR,2,1,1,0,2,2.0,4,50.0,0,0,0,0,2021,out
128,Navdeep Saini,RCB,2,2,1,0,2,2.0,4,50.0,0,0,0,0,2021,out
129,Kartik Tyagi,RR,2,4,2,1,1,2.0,4,50.0,0,0,0,0,2021,Not_out
130,George Garton,RCB,2,5,3,2,2,2.0,4,50.0,0,0,0,0,2021,Not_out
131,Arshdeep Singh,PBKS,2,12,2,2,1,0.0,3,66.66,0,0,0,0,2021,Not_out
132,Varun Chakaravarthy,KKR,2,17,3,2,2,2.0,4,50.0,0,0,0,0,2021,Not_out
133,Mujeeb Ur Rahman,SRH,1,1,1,1,1,0.0,1,100.0,0,0,0,0,2021,Not_out
134,Tim David,RCB,1,1,1,0,1,1.0,3,33.33,0,0,0,0,2021,out
135,Wanindu Hasaranga,RCB,1,2,2,1,1,1.0,2,50.0,0,0,0,0,2021,Not_out
136,Khaleel Ahmed,SRH,1,7,1,0,1,1.0,2,50.0,0,0,0,0,2021,out
137,Ravi Bishnoi,PBKS,1,9,1,0,1,1.0,4,25.0,0,0,0,0,2021,out
138,Trent Boult,MI,1,14,4,4,1,0.0,4,25.0,0,0,0,0,2021,Not_out
139,Deepak Chahar,CSK,1,15,2,2,1,0.0,1,100.0,0,0,0,0,2021,Not_out
140,Ben Stokes,RR,0,1,1,0,0,0.0,3,0.0,0,0,0,0,2021,Not_out
141,Kamlesh Nagarkoti,KKR,0,1,1,0,0,0.0,2,0.0,0,0,0,0,2021,Not_out
142,Kuldip Yadav,RR,0,1,1,1,0,0.0,4,0.0,0,0,0,0,2021,Not_out
143,Piyush Chawla,MI,0,1,1,0,0,0.0,2,0.0,0,0,0,0,2021,Not_out
144,Shahbaz Nadeem,SRH,0,1,1,0,0,0.0,1,0.0,0,0,0,0,2021,Not_out
145,Anuj Rawat,RR,0,2,1,0,0,0.0,1,0.0,0,0,0,0,2021,Not_out
146,Marco Jansen,MI,0,2,2,0,0,0.0,3,0.0,0,0,0,0,2021,Not_out
147,Sarfaraz Khan,PBKS,0,2,2,0,0,0.0,4,0.0,0,0,0,0,2021,Not_out
148,Jimmy Neesham,MI,0,3,2,0,0,0.0,2,0.0,0,0,0,0,2021,Not_out
149,Prasidh Krishna,KKR,0,10,2,1,0,0.0,1,0.0,0,0,0,0,2021,Not_out
1,Jos Buttler,RR,863,17,17,2,116,57.53,579,149.05,4,4,83,45,2022,out
2,K L Rahul,LSG,616,15,15,3,103,51.33,455,135.38,2,4,45,30,2022,Not_out
3,Quinton De Kock,LSG,508,15,15,1,140,36.29,341,148.97,1,3,47,23,2022,Not_out
4,Hardik Pandya,GT,487,15,15,4,87,44.27,371,131.26,0,4,49,12,2022,Not_out
5,Shubman Gill,GT,483,16,16,2,96,34.50,365,132.32,0,4,51,11,2022,out
6,David Miller,GT,481,16,16,9,94,68.71,337,142.72,0,2,32,23,2022,Not_out
7,Faf Du Plessis,RCB,468,16,16,1,96,31.20,367,127.52,0,3,49,13,2022,out
8,Shikhar Dhawan,PBKS,460,14,14,2,88,38.33,375,122.66,0,3,47,12,2022,Not_out
9,Sanju Samson,RR,458,17,17,1,55,28.63,312,146.79,0,2,43,26,2022,out
10,Deepak Hooda,LSG,451,15,14,0,59,32.21,330,136.66,0,4,36,18,2022,out
11,Liam Livingstone,PBKS,437,14,14,2,70,36.42,240,182.08,0,4,29,34,2022,out
12,David Warner,DC,432,12,12,3,92,48.00,287,150.52,0,5,52,15,2022,Not_out
13,Abhishek Sharma,SRH,426,14,14,0,75,30.43,320,133.12,0,2,47,13,2022,out
14,Ishan Kishan,MI,418,14,14,1,81,32.15,348,120.11,0,3,45,11,2022,Not_out
15,Rahul Tripathi,SRH,413,14,14,3,76,37.55,261,158.23,0,3,40,20,2022,out
16,Shreyas Iyer,KKR,401,14,14,1,85,30.85,298,134.56,0,3,41,11,2022,out
17,Tilak Varma,MI,397,14,14,3,61,36.09,303,131.02,0,2,29,16,2022,out
18,Aiden Markram,SRH,381,14,12,4,68,47.63,274,139.05,0,3,25,19,2022,Not_out
19,Devdutt Padikkal,RR,376,17,17,0,54,22.12,306,122.87,0,1,40,14,2022,out
20,Ruturaj Gaikwad,CSK,368,14,14,0,99,26.29,291,126.46,0,3,33,14,2022,out
21,Nitish Rana,KKR,361,14,14,1,57,27.77,251,143.82,0,2,29,22,2022,out
22,Virat Kohli,RCB,341,16,16,1,73,22.73,294,115.98,0,2,32,8,2022,out
23,Rishabh Pant,DC,340,14,13,2,44,30.91,224,151.78,0,0,35,16,2022,out
24,Andre Russell,KKR,335,14,12,3,70,37.22,192,174.47,0,1,18,32,2022,Not_out
25,Rajat Patidar,RCB,333,8,7,1,112,55.50,218,152.75,1,2,27,18,2022,Not_out
26,Dinesh Karthik,RCB,330,16,16,10,66,55.00,180,183.33,0,1,27,22,2022,Not_out
27,Wriddhiman Saha,GT,317,11,11,1,68,31.70,259,122.39,0,3,40,7,2022,out
28,Shimron Hetmyer,RR,314,15,15,8,59,44.86,204,153.92,0,1,21,21,2022,Not_out
29,Nicholas Pooran,SRH,306,14,13,5,64,38.25,212,144.33,0,2,16,21,2022,Not_out
30,Suryakumar Yadav,MI,303,8,8,1,68,43.29,208,145.67,0,3,23,16,2022,Not_out
31,Glenn Maxwell,RCB,301,13,13,2,55,27.36,178,169.1,0,1,31,15,2022,out
32,Shivam Dube,CSK,289,11,11,1,95,28.90,185,156.21,0,2,22,16,2022,Not_out
33,Prithvi Shaw,DC,283,10,10,0,61,28.30,185,152.97,0,2,37,10,2022,out
34,Ambati Rayudu,CSK,274,13,11,0,78,24.91,224,122.32,0,1,25,15,2022,out
35,Rohit Sharma,MI,268,14,14,0,48,19.14,223,120.17,0,0,28,13,2022,out
36,Yashasvi Jaiswal,RR,258,10,10,0,68,25.80,194,132.98,0,2,28,10,2022,out
37,Jonny Bairstow,PBKS,253,11,11,0,66,23.00,175,144.57,0,2,34,9,2022,out
38,Devon Conway,CSK,252,7,7,1,87,42.00,173,145.66,0,3,22,12,2022,out
39,Mitchell Marsh,DC,251,8,8,0,89,31.38,189,132.8,0,2,19,14,2022,out
40,Rovman Powell,DC,250,14,12,2,67,25.00,167,149.7,0,1,10,22,2022,Not_out
41,Moeen Ali,CSK,244,10,10,0,93,24.40,177,137.85,0,1,24,11,2022,out
42,Jitesh Sharma,PBKS,234,12,10,2,44,29.25,143,163.63,0,0,22,12,2022,out
43,MS Dhoni,CSK,232,14,13,6,50,33.14,188,123.4,0,1,21,10,2022,Not_out
44,Robin Uthappa,CSK,230,12,11,0,88,20.91,171,134.5,0,2,19,14,2022,out
45,Shahbaz Ahmed,RCB,219,16,11,3,45,27.38,181,120.99,0,0,14,9,2022,out
46,Rahul Tewatia,GT,217,16,12,5,43,31.00,147,147.61,0,0,22,9,2022,Not_out
47,Kane Williamson,SRH,216,13,13,2,57,19.64,231,93.5,0,1,16,8,2022,out
48,Bhanuka Rajapaksa,PBKS,206,9,9,0,43,22.89,129,159.68,0,0,16,13,2022,out
49,Mayank Agarwal,PBKS,196,13,12,0,52,16.33,160,122.5,0,1,23,6,2022,out
50,Ravichandran Ashwin,RR,191,17,12,5,50,27.29,135,141.48,0,1,14,9,2022,out
51,Tim David,MI,186,8,8,3,46,37.20,86,216.27,0,0,12,16,2022,out
52,Riyan Parag,RR,183,17,14,3,56,16.64,132,138.63,0,1,11,10,2022,Not_out
53,Krunal Pandya,LSG,183,14,13,4,42,20.33,145,126.2,0,0,16,4,2022,out
54,Axar Patel,DC,182,13,10,6,42,45.50,120,151.66,0,0,12,10,2022,Not_out
55,Venkatesh Iyer,KKR,182,12,12,1,50,16.55,169,107.69,0,1,17,7,2022,Not_out
56,Rinku Singh,KKR,174,7,7,2,42,34.80,117,148.71,0,0,17,7,2022,Not_out
57,Sam Billings,KKR,169,8,8,1,36,24.14,138,122.46,0,0,9,10,2022,out
58,Dewald Brevis,MI,161,7,7,0,49,23.00,113,142.47,0,0,14,11,2022,out
59,Ayush Badoni,LSG,161,13,11,3,54,20.13,130,123.84,0,1,11,7,2022,out
60,Lalit Yadav,DC,161,12,8,1,48,23.00,146,110.27,0,0,11,7,2022,Not_out
61,Matthew Wade,GT,157,10,10,0,35,15.70,138,113.76,0,0,23,2,2022,out
62,Marcus Stoinis,LSG,156,11,10,2,38,19.50,106,147.16,0,0,7,13,2022,Not_out
63,Sai Sudharsan,GT,145,5,5,1,65,36.25,114,127.19,0,1,14,3,2022,Not_out
64,Kieron Pollard,MI,144,11,11,1,25,14.40,134,107.46,0,0,6,9,2022,out
65,Ajinkya Rahane,KKR,133,7,7,0,44,19.00,128,103.9,0,0,14,4,2022,out
66,Anuj Rawat,RCB,129,8,8,0,66,16.13,118,109.32,0,1,10,7,2022,out
67,Shardul Thakur,DC,120,14,10,2,29,15.00,87,137.93,0,0,7,7,2022,Not_out
68,Shahrukh Khan,PBKS,117,8,8,1,26,16.71,108,108.33,0,0,4,9,2022,out
69,Ravindra Jadeja,CSK,116,10,10,4,26,19.33,98,118.36,0,0,6,5,2022,Not_out
70,Abhinav Manohar,GT,108,8,7,1,43,18.00,75,144.0,0,0,14,3,2022,out
71,Washington Sundar,SRH,101,9,7,0,40,14.43,69,146.37,0,0,9,3,2022,out
72,Rashid Khan,GT,91,16,8,4,40,22.75,44,206.81,0,0,3,9,2022,out
73,Sarfaraz Khan,DC,91,6,5,2,36,30.33,67,135.82,0,0,9,2,2022,Not_out
74,Manish Pandey,LSG,88,6,6,0,38,14.67,80,110.0,0,0,9,2,2022,out
75,Mahipal Lomror,RCB,86,7,5,0,42,17.20,57,150.87,0,0,7,4,2022,out
76,Aaron Finch,KKR,86,5,5,0,58,17.20,61,140.98,0,1,10,3,2022,out
77,Rahul Chahar,PBKS,77,13,8,2,25,12.83,68,113.23,0,0,7,4,2022,Not_out
78,Evin Lewis,LSG,73,6,5,2,55,24.33,56,130.35,0,1,8,3,2022,Not_out
79,Sunil Narine,KKR,71,14,10,2,22,8.88,40,177.5,0,0,6,6,2022,out
80,Shashank Singh,SRH,69,10,5,1,25,17.25,47,146.8,0,0,5,4,2022,Not_out
81,Suyash S Prabhudessai,RCB,67,5,5,0,34,13.40,59,113.55,0,0,7,2,2022,out
82,Pat Cummins,KKR,63,5,5,1,56,15.75,24,262.5,0,1,5,6,2022,Not_out
83,Jaydev Unadkat,MI,59,5,5,2,19,19.67,37,159.45,0,0,4,3,2022,Not_out
84,Romario Shepherd,SRH,58,3,3,1,26,29.00,41,141.46,0,0,2,5,2022,Not_out
85,Jason Holder,LSG,58,12,8,2,16,9.67,44,131.81,0,0,2,6,2022,out
86,Umesh Yadav,KKR,55,12,7,3,21,13.75,40,137.5,0,0,4,4,2022,out
87,Odean Smith,PBKS,51,6,6,3,25,17.00,44,115.9,0,0,1,5,2022,Not_out
88,Kagiso Rabada,PBKS,48,13,8,3,25,9.60,43,111.62,0,0,5,2,2022,out
89,Kuldeep Yadav,DC,48,14,7,6,16,48.00,52,92.3,0,0,3,2,2022,Not_out
90,Priyam Garg,SRH,46,2,2,0,42,23.00,33,139.39,0,0,4,2,2022,out
91,Ramandeep Singh,MI,45,5,4,2,14,22.50,40,112.5,0,0,3,1,2022,Not_out
92,Dwaine Pretorius,CSK,44,6,5,1,22,11.00,28,157.14,0,0,3,3,2022,out
93,Dushmantha Chameera,LSG,43,12,8,4,17,10.75,28,153.57,0,0,3,3,2022,out
94,Harshal Patel,RCB,43,15,8,3,11,8.60,39,110.25,0,0,4,2,2022,out
95,Hrithik Shokeen,MI,43,5,3,1,25,21.50,48,89.58,0,0,5,0,2022,out
96,Trent Boult,RR,40,16,8,6,17,20.00,29,137.93,0,0,2,1,2022,Not_out
97,Jagadeesan Narayan,CSK,40,2,2,1,39,40.00,37,108.1,0,0,3,1,2022,Not_out
98,Daniel Sams,MI,38,11,10,3,15,5.43,36,105.55,0,0,1,3,2022,out
99,Wanindu Hasaranga,RCB,38,16,7,0,18,5.43,43,88.37,0,0,4,1,2022,out
100,Rishi Dhawan,PBKS,37,6,4,2,21,18.50,40,92.5,0,0,4,2,2022,Not_out
101,Daryl Mitchell,RR,33,2,2,0,17,16.50,44,75.0,0,0,1,0,2022,out
102,Sherfane Rutherford,RCB,33,3,2,0,28,16.50,50,66.0,0,0,1,1,2022,out
103,James Neesham,RR,31,2,2,0,17,15.50,27,114.81,0,0,3,0,2022,out
104,Mohammed Siraj,RCB,30,15,5,3,14,15.00,33,90.9,0,0,5,0,2022,Not_out
105,Tim Seifert,DC,24,2,2,0,21,12.00,19,126.31,0,0,4,0,2022,out
106,Bhuvneshwar Kumar,SRH,24,14,6,3,8,8.00,26,92.3,0,0,3,0,2022,out
107,Mohsin Khan,LSG,23,9,3,2,13,23.00,16,143.75,0,0,2,1,2022,Not_out
108,Dwayne Bravo,CSK,23,10,6,4,12,11.50,24,95.83,0,0,1,1,2022,out
109,Sheldon Jackson,KKR,23,5,5,1,8,5.75,26,88.46,0,0,0,1,2022,out
110,Avesh Khan,LSG,22,13,4,3,12,22.00,13,169.23,0,0,0,3,2022,out
111,Rassie van der Dussen,RR,22,3,3,1,12,11.00,24,91.66,0,0,2,0,2022,Not_out
112,Harpreet Brar,PBKS,22,5,3,0,14,7.33,25,88.0,0,0,1,2,2022,out
113,Mitchell Santner,CSK,22,6,4,2,11,11.00,27,81.48,0,0,3,0,2022,out
114,Arshdeep Singh,PBKS,21,14,6,3,10,7.00,29,72.41,0,0,3,0,2022,Not_out
115,B Indrajith,KKR,21,3,3,0,15,7.00,30,70.0,0,0,2,0,2022,out
116,Manan Vohra,LSG,19,2,1,0,19,19.00,11,172.72,0,0,1,2,2022,out
117,Vijay Shankar,GT,19,4,4,0,13,4.75,35,54.28,0,0,1,0,2022,out
118,Mandeep Singh,DC,18,3,3,0,18,6.00,23,78.26,0,0,4,0,2022,out
119,Josh Hazlewood,RCB,18,12,5,5,7,-,26,69.23,0,0,1,0,2022,Not_out
120,David Willey,RCB,18,4,2,0,18,9.00,30,60.0,0,0,3,0,2022,out
121,Karun Nair,RR,16,3,2,0,13,8.00,18,88.88,0,0,1,0,2022,out
122,Simran Singh,PBKS,14,1,1,0,14,14.00,11,127.27,0,0,2,0,2022,out
123,Anmolpreet Singh,MI,13,2,2,0,8,6.50,13,100.0,0,0,1,0,2022,out
124,Murugan Ashwin,MI,12,8,5,2,6,4.00,14,85.71,0,0,1,1,2022,out
125,Varun Chakaravarthy,KKR,12,11,4,4,10,-,18,66.66,0,0,2,0,2022,Not_out
126,Chris Jordan,CSK,11,4,2,1,6,11.00,8,137.5,0,0,0,0,2022,Not_out
127,Rajangad Bawa,PBKS,11,2,2,0,11,5.50,14,78.57,0,0,1,0,2022,out
128,Shreyas Gopal,SRH,9,1,1,1,9,-,7,128.57,0,0,2,0,2022,Not_out
129,Marco Jansen,SRH,9,8,3,2,8,9.00,7,128.57,0,0,0,1,2022,Not_out
130,Obed McCoy,RR,8,7,1,0,8,8.00,5,160.0,0,0,0,1,2022,out
131,Srikar Bharat,DC,8,2,2,0,8,4.00,7,114.28,0,0,2,0,2022,out
132,Fabian Allen,MI,8,1,1,0,8,8.00,7,114.28,0,0,1,0,2022,out
133,Sean Abbott,SRH,7,1,1,0,7,7.00,5,140.0,0,0,0,1,2022,out
134,Rasikh Salam,KKR,7,2,1,0,7,7.00,6,116.66,0,0,1,0,2022,out
135,Kartik Tyagi,SRH,7,2,2,0,7,3.50,6,116.66,0,0,1,0,2022,out
136,Maheesh Theekshana,CSK,7,9,2,1,7,7.00,7,100.0,0,0,0,1,2022,Not_out
137,Simarjeet Singh,CSK,7,6,3,2,3,7.00,8,87.5,0,0,0,0,2022,Not_out
138,Ripal Patel,DC,6,2,1,0,6,6.00,3,200.0,0,0,0,1,2022,out
139,Mukesh Choudhary,CSK,6,13,2,1,4,6.00,6,100.0,0,0,1,0,2022,out
140,Prasidh Krishna,RR,6,17,3,2,4,6.00,12,50.0,0,0,0,0,2022,Not_out
141,Aman Khan,KKR,5,1,1,0,5,5.00,3,166.66,0,0,1,0,2022,out
142,Lockie Ferguson,GT,5,13,3,1,5,2.50,4,125.0,0,0,1,0,2022,out
143,Alzarri Joseph,GT,5,9,3,2,4,5.00,7,71.42,0,0,0,0,2022,Not_out
144,Yuzvendra Chahal,RR,5,17,2,1,5,5.00,8,62.5,0,0,0,0,2022,out
145,Vaibhav Arora,PBKS,5,5,4,2,2,2.50,13,38.46,0,0,0,0,2022,Not_out
146,Prerak Mankad,PBKS,4,1,1,1,4,-,1,400.0,0,0,1,0,2022,Not_out
147,Karan Sharma,LSG,4,1,1,0,4,4.00,4,100.0,0,0,1,0,2022,out
148,Abdul Samad,SRH,4,2,2,0,4,2.00,7,57.14,0,0,0,0,2022,out
149,Abhijeet Tomar,KKR,4,1,1,0,4,4.00,8,50.0,0,0,1,0,2022,out
150,Umran Malik,SRH,4,14,4,3,3,4.00,8,50.0,0,0,0,0,2022,Not_out
151,Mustafizur Rahman,DC,3,8,1,1,3,-,5,60.0,0,0,0,0,2022,Not_out
152,Kumar Kartikeya Singh,MI,3,4,1,0,3,3.00,5,60.0,0,0,0,0,2022,out
153,Shivam Mavi,KKR,3,6,3,1,2,1.50,7,42.85,0,0,0,0,2022,out
154,Harshit Rana,KKR,2,2,2,1,2,2.00,2,100.0,0,0,0,0,2022,out
155,Navdeep Saini,RR,2,2,1,0,2,2.00,2,100.0,0,0,0,0,2022,out
156,Tristan Stubbs,MI,2,2,2,0,2,1.00,4,50.0,0,0,0,0,2022,out
157,Pradeep Sangwan,GT,2,3,1,0,2,2.00,5,40.0,0,0,0,0,2022,out
158,Fazalhaq Farooqi,SRH,2,3,1,1,2,-,8,25.0,0,0,0,0,2022,Not_out
159,Jagadeesha Suchith,SRH,2,5,2,0,2,1.00,8,25.0,0,0,0,0,2022,out
160,Tim Southee,KKR,2,9,5,1,1,0.50,12,16.66,0,0,0,0,2022,Not_out
161,Nathan Coulter-Nile,RR,1,1,1,1,1,-,2,50.0,0,0,0,0,2022,Not_out
162,Anrich Nortje,DC,1,6,1,1,1,-,6,16.66,0,0,0,0,2022,Not_out
1,Shubman Gill,GT,890,17,17,2,129,59.33,564,157.8,3,4,85,33,2023,out
2,Faf Du Plessis,RCB,730,14,14,1,84,56.15,475,153.68,0,8,60,36,2023,out
3,Devon Conway,CSK,672,16,15,2,92,51.69,481,139.7,0,6,77,18,2023,Not_out
4,Virat Kohli,RCB,639,14,14,2,101,53.25,457,139.82,2,6,65,16,2023,Not_out
5,Yashasvi Jaiswal,RR,625,14,14,1,124,48.08,382,163.61,1,5,82,26,2023,out
6,Suryakumar Yadav,MI,605,16,16,2,103,43.21,334,181.13,1,5,65,28,2023,Not_out
7,Ruturaj Gaikwad,CSK,590,16,15,1,92,42.14,400,147.5,0,4,46,30,2023,out
8,David Warner,DC,516,14,14,0,86,36.86,392,131.63,0,6,69,10,2023,out
9,Rinku Singh,KKR,474,14,14,6,67,59.25,317,149.52,0,4,31,29,2023,Not_out
10,Ishan Kishan,MI,454,15,15,0,75,30.27,318,142.76,0,3,54,18,2023,out
11,Cameron Green,MI,452,16,16,7,100,50.22,282,160.28,1,2,40,22,2023,Not_out
12,Heinrich Klaasen,SRH,448,12,11,2,104,49.78,253,177.07,1,2,32,25,2023,out
13,Shivam Dube,CSK,418,16,14,3,52,38.00,264,158.33,0,3,12,35,2023,out
14,Nitish Rana,KKR,413,14,14,1,75,31.77,293,140.95,0,3,39,20,2023,out
15,Marcus Stoinis,LSG,408,15,15,2,89,31.38,272,150.0,0,3,28,27,2023,Not_out
16,Venkatesh Iyer,KKR,404,14,14,0,104,28.86,277,145.84,1,2,32,21,2023,out
17,Glenn Maxwell,RCB,400,14,14,2,77,33.33,218,183.48,0,5,29,31,2023,out
18,Jos Buttler,RR,392,14,14,0,95,28.00,282,139.0,0,4,42,14,2023,out
19,Kyle Mayers,LSG,379,13,13,0,73,29.15,263,144.1,0,4,38,22,2023,out
20,Shikhar Dhawan,PBKS,373,11,11,2,99,41.44,261,142.91,0,3,49,12,2023,Not_out
21,Wriddhiman Saha,GT,371,17,17,1,81,23.19,287,129.26,0,2,47,8,2023,out
22,Sanju Samson,RR,362,14,14,2,66,30.17,236,153.38,0,3,25,24,2023,Not_out
23,Sai Sudharsan,GT,362,8,8,1,96,51.71,256,141.4,0,3,33,12,2023,out
24,Nicholas Pooran,LSG,358,15,15,3,62,29.83,207,172.94,0,2,26,26,2023,out
25,Simran Singh,PBKS,358,14,14,0,103,25.57,238,150.42,1,1,38,19,2023,out
26,Hardik Pandya,GT,346,16,15,4,66,31.45,253,136.75,0,2,26,15,2023,out
27,Tilak Varma,MI,343,11,11,3,84,42.88,209,164.11,0,1,26,23,2023,Not_out
28,Rohit Sharma,MI,332,16,16,0,65,20.75,250,132.8,0,2,35,17,2023,out
29,Ajinkya Rahane,CSK,326,14,11,1,71,32.60,189,172.48,0,2,24,16,2023,Not_out
30,Jitesh Sharma,PBKS,309,14,14,1,49,23.77,198,156.06,0,0,22,21,2023,Not_out
31,Vijay Shankar,GT,301,14,10,2,63,37.63,188,160.1,0,3,27,15,2023,Not_out
32,Shimron Hetmyer,RR,300,14,13,5,56,37.50,197,152.28,0,1,12,23,2023,Not_out
33,Jason Roy,KKR,285,8,8,0,61,35.63,188,151.59,0,2,36,12,2023,out
34,Axar Patel,DC,283,14,13,3,54,28.30,203,139.4,0,1,21,15,2023,out
35,Liam Livingstone,PBKS,279,9,9,1,94,34.88,171,163.15,0,2,20,19,2023,out
36,Sam Curran,PBKS,276,14,13,3,55,27.60,203,135.96,0,1,20,13,2023,out
37,K L Rahul,LSG,274,9,9,1,74,34.25,242,113.22,0,2,28,4,2023,out
38,Rahul Tripathi,SRH,273,13,13,1,74,22.75,213,128.16,0,1,29,10,2023,Not_out
39,Mayank Agarwal,SRH,270,10,10,0,83,27.00,210,128.57,0,1,29,6,2023,out
40,Devdutt Padikkal,RR,261,11,11,1,52,26.10,200,130.5,0,2,31,6,2023,out
41,David Miller,GT,259,16,13,5,46,32.38,178,145.5,0,0,18,13,2023,out
42,Aiden Markram,SRH,248,13,13,2,50,22.55,197,125.88,0,1,18,8,2023,out
43,Nehal Wadera,MI,241,14,10,1,64,26.78,166,145.18,0,2,23,12,2023,out
44,Ayush Badoni,LSG,238,15,12,2,59,23.80,172,138.37,0,1,13,12,2023,Not_out
45,Tim David,MI,231,16,15,6,45,25.67,146,158.21,0,0,12,15,2023,Not_out
46,Andre Russell,KKR,227,14,14,3,42,20.64,156,145.51,0,0,13,18,2023,out
47,Rahmanullah Gurbaz,KKR,227,11,11,0,81,20.64,170,133.52,0,2,17,15,2023,out
48,Abhishek Sharma,SRH,226,11,11,0,67,20.55,157,143.94,0,2,28,6,2023,out
49,Phil Salt,DC,218,9,9,1,87,27.25,133,163.9,0,2,24,10,2023,out
50,Rilee Rossouw,DC,209,9,9,2,82,29.86,141,148.22,0,1,17,11,2023,Not_out
51,Ravindra Jadeja,CSK,190,16,12,4,25,23.75,133,142.85,0,0,11,9,2023,Not_out
52,Harry Brook,SRH,190,11,11,2,100,21.11,154,123.37,1,0,23,4,2023,Not_out
53,Krunal Pandya,LSG,188,15,14,4,49,18.80,165,113.93,0,0,15,6,2023,Not_out
54,Atharva Taide,PBKS,186,7,7,0,66,26.57,129,144.18,0,2,20,6,2023,out
55,Abdul Samad,SRH,169,9,8,4,37,42.25,128,132.03,0,0,10,11,2023,Not_out
56,Manish Pandey,DC,160,10,9,0,50,17.78,146,109.58,0,1,15,3,2023,out
57,Ambati Rayudu,CSK,158,16,12,2,27,15.80,113,139.82,0,0,10,9,2023,Not_out
58,Shahrukh Khan,PBKS,156,14,13,6,41,22.29,94,165.95,0,0,13,9,2023,Not_out
59,Dhruv Jurel,RR,152,13,11,4,34,21.71,88,172.72,0,0,11,9,2023,Not_out
60,Quinton De Kock,LSG,143,4,4,0,70,35.75,102,140.19,0,1,10,8,2023,out
61,Dinesh Karthik,RCB,140,13,13,1,30,11.67,104,134.61,0,0,13,5,2023,out
62,Sikandar Raza,PBKS,139,7,7,2,57,27.80,98,141.83,0,1,10,6,2023,out
63,Mahipal Lomror,RCB,135,12,10,2,54,16.88,97,139.17,0,1,9,8,2023,Not_out
64,Rashid Khan,GT,130,17,9,5,79,32.50,60,216.66,0,1,8,13,2023,Not_out
65,Mitchell Marsh,DC,128,9,9,0,63,14.22,97,131.95,0,1,11,7,2023,out
66,Moeen Ali,CSK,124,15,10,3,23,17.71,91,136.26,0,0,12,6,2023,out
67,Matthew Short,PBKS,117,6,6,0,36,19.50,92,127.17,0,0,15,4,2023,out
68,Abhinav Manohar,GT,114,9,6,0,42,19.00,83,137.34,0,0,6,7,2023,out
69,Shardul Thakur,KKR,113,11,10,2,68,14.13,70,161.42,0,1,13,4,2023,out
70,Aman Khan,DC,110,11,9,1,51,13.75,101,108.91,0,1,7,6,2023,out
71,Prithvi Shaw,DC,106,8,8,0,54,13.25,85,124.7,0,1,16,1,2023,out
72,Anmolpreet Singh,SRH,105,4,4,0,36,26.25,82,128.04,0,0,15,2,2023,out
73,MS Dhoni,CSK,104,16,12,8,32,26.00,57,182.45,0,0,3,10,2023,Not_out
74,Prerak Mankad,LSG,93,5,5,2,64,31.00,72,129.16,0,1,12,2,2023,Not_out
75,Anuj Rawat,RCB,91,9,7,4,29,30.33,71,128.16,0,0,6,4,2023,Not_out
76,Jagadeesan Narayan,KKR,89,6,6,0,36,14.83,81,109.87,0,0,14,1,2023,out
77,Rahul Tewatia,GT,87,17,10,6,20,21.75,57,152.63,0,0,3,7,2023,Not_out
78,Deepak Hooda,LSG,84,12,12,1,17,7.64,90,93.33,0,0,3,2,2023,out
79,Riyan Parag,RR,78,7,7,1,20,13.00,66,118.18,0,0,4,5,2023,out
80,Harpreet Bhatia,PBKS,76,3,3,0,41,25.33,59,128.81,0,0,8,3,2023,out
81,Bhanuka Rajapaksa,PBKS,71,4,4,1,50,23.67,62,114.51,0,1,6,2,2023,out
82,Vivrant Sharma,SRH,69,3,1,0,69,69.00,47,146.8,0,1,9,2,2023,out
83,Ravichandran Ashwin,RR,67,13,10,4,30,11.17,51,131.37,0,0,5,3,2023,out
84,Lalit Yadav,DC,66,6,6,1,38,13.20,59,111.86,0,0,8,0,2023,out
85,Krishnappa Gowtham,LSG,61,7,7,3,23,15.25,37,164.86,0,0,2,5,2023,out
86,Washington Sundar,SRH,60,7,5,1,24,15.00,60,100.0,0,0,6,0,2023,Not_out
87,Michael Bracewell,RCB,58,5,4,2,26,29.00,47,123.4,0,0,6,1,2023,out
88,Sarfaraz Khan,DC,53,4,4,0,30,13.25,62,85.48,0,0,4,1,2023,out
89,Harpreet Brar,PBKS,52,13,8,2,17,8.67,41,126.82,0,0,5,2,2023,Not_out
90,Ripal Patel,DC,49,5,4,1,23,16.33,43,113.95,0,0,3,1,2023,out
91,Shahbaz Ahmed,RCB,42,10,6,2,20,10.50,39,107.69,0,0,3,1,2023,Not_out
92,Bhuvneshwar Kumar,SRH,42,14,6,3,27,14.00,47,89.36,0,0,4,0,2023,out
93,Glenn Phillips,SRH,39,5,5,0,25,7.80,22,177.27,0,0,2,4,2023,out
94,Marco Jansen,SRH,39,8,6,3,17,13.00,43,90.69,0,0,4,0,2023,Not_out
95,Anrich Nortje,DC,37,10,7,4,23,12.33,29,127.58,0,0,6,0,2023,Not_out
96,Vishnu Vinod,MI,37,3,3,0,30,12.33,31,119.35,0,0,2,2,2023,out
97,Suyash S Prabhudessai,RCB,35,5,4,0,19,8.75,29,120.68,0,0,1,2,2023,out
98,David Willey,RCB,35,4,3,3,20,-,32,109.37,0,0,4,0,2023,Not_out
99,Wanindu Hasaranga,RCB,33,8,5,3,12,16.50,28,117.85,0,0,3,0,2023,Not_out
100,Abishek Porel,DC,33,4,4,0,20,8.25,31,106.45,0,0,1,2,2023,out
101,Kuldeep Yadav,DC,31,14,10,8,10,15.50,48,64.58,0,0,2,0,2023,Not_out
102,Dasun Shanaka,GT,26,3,3,1,17,13.00,26,100.0,0,0,2,1,2023,out
103,Piyush Chawla,MI,25,16,4,2,18,12.50,22,113.63,0,0,1,1,2023,out
104,Tristan Stubbs,MI,25,2,2,0,20,12.50,31,80.64,0,0,2,0,2023,out
105,Hrithik Shokeen,MI,23,8,3,2,18,23.00,17,135.29,0,0,4,0,2023,Not_out
106,Anukul Roy,KKR,23,4,4,2,13,11.50,19,121.05,0,0,3,0,2023,Not_out
107,Adil Rashid,SRH,22,2,2,0,18,11.00,16,137.5,0,0,2,1,2023,out
108,Priyam Garg,DC,22,2,2,0,12,11.00,23,95.65,0,0,1,0,2023,out
109,David Wiese,KKR,21,3,3,2,12,21.00,11,190.9,0,0,0,3,2023,Not_out
110,Mayank Markande,SRH,21,10,3,3,18,-,13,161.53,0,0,2,1,2023,Not_out
111,Sunil Narine,KKR,21,14,10,3,7,3.00,25,84.0,0,0,2,1,2023,Not_out
112,Rishi Dhawan,PBKS,20,6,3,1,19,10.00,12,166.66,0,0,1,1,2023,out
113,Ravi Bishnoi,LSG,20,15,7,4,5,6.67,27,74.07,0,0,1,0,2023,out
114,Umran Malik,SRH,19,8,2,1,19,19.00,8,237.5,0,0,1,2,2023,Not_out
115,Umesh Yadav,KKR,19,8,5,3,6,9.50,18,105.55,0,0,1,0,2023,Not_out
116,Amit Mishra,LSG,19,7,1,0,19,19.00,30,63.33,0,0,2,0,2023,out
117,Arshad Khan,MI,18,6,3,1,15,9.00,15,120.0,0,0,0,1,2023,Not_out
118,Akash Deep,RCB,17,2,1,0,17,17.00,8,212.5,0,0,2,1,2023,out
119,Akeal Hosein,SRH,16,1,1,1,16,-,10,160.0,0,0,1,1,2023,Not_out
120,Trent Boult,RR,16,10,4,3,15,16.00,14,114.28,0,0,1,1,2023,out
121,Praveen Dubey,DC,16,1,1,0,16,16.00,20,80.0,0,0,2,0,2023,out
122,Naveen-Ul-Haq,LSG,16,8,3,2,13,16.00,21,76.19,0,0,2,0,2023,out
123,Yash Dhull,DC,16,4,3,0,13,5.33,23,69.56,0,0,1,0,2023,out
124,Ben Stokes,CSK,15,2,2,0,8,7.50,14,107.14,0,0,2,0,2023,out
125,Mandeep Singh,KKR,14,3,3,0,12,4.67,16,87.5,0,0,0,1,2023,out
126,Arjun Tendulkar,MI,13,4,1,0,13,13.00,9,144.44,0,0,0,1,2023,out
127,Vyshak Vijaykumar,RCB,13,7,2,1,13,13.00,9,144.44,0,0,0,1,2023,Not_out
128,Kedar Jadhav,RCB,12,2,1,1,12,-,10,120.0,0,0,1,0,2023,Not_out
129,Jason Holder,RR,12,8,3,1,11,6.00,11,109.09,0,0,0,1,2023,out
130,Karan Sharma,LSG,12,2,2,0,9,6.00,21,57.14,0,0,0,0,2023,out
131,Mark Wood,LSG,11,4,2,1,10,11.00,5,220.0,0,0,1,1,2023,Not_out
132,Sanvir Singh,SRH,11,2,2,1,7,11.00,9,122.22,0,0,1,1,2023,out
133,Manan Vohra,LSG,10,1,1,0,10,10.00,11,90.9,0,0,1,0,2023,out
134,Joe Root,RR,10,3,1,0,10,10.00,15,66.66,0,0,1,0,2023,out
135,Adam Zampa,RR,10,6,3,0,7,3.33,16,62.5,0,0,0,0,2023,out
136,Jaydev Unadkat,LSG,9,3,1,0,9,9.00,7,128.57,0,0,1,0,2023,out
137,Noor Ahmad,GT,8,13,3,1,7,4.00,9,88.88,0,0,1,0,2023,Not_out
138,Mukesh Kumar,DC,7,10,3,3,6,-,9,77.77,0,0,0,0,2023,Not_out
139,Rovman Powell,DC,7,3,3,0,4,2.33,9,77.77,0,0,1,0,2023,out
140,Alzarri Joseph,GT,7,7,2,2,7,-,12,58.33,0,0,1,0,2023,Not_out
141,Harshal Patel,RCB,6,13,2,0,6,3.00,6,100.0,0,0,0,1,2023,out
142,Kumar Kartikeya Singh,MI,6,8,1,0,6,6.00,7,85.71,0,0,1,0,2023,out
143,Jason Behrendorff,MI,6,12,2,2,3,-,9,66.66,0,0,0,0,2023,Not_out
144,Chris Jordan,MI,6,6,2,0,4,3.00,12,50.0,0,0,0,0,2023,out
145,Mohammad Shami,GT,5,17,2,0,5,2.50,6,83.33,0,0,1,0,2023,out
146,Litton Das,KKR,4,1,1,0,4,4.00,4,100.0,0,0,1,0,2023,out
147,Jofra Archer,MI,4,5,2,2,3,-,4,100.0,0,0,0,0,2023,Not_out
148,Chetan Sakariya,DC,4,2,2,1,4,4.00,6,66.66,0,0,1,0,2023,out
149,Vaibhav Arora,KKR,3,5,2,2,2,-,2,150.0,0,0,0,0,2023,Not_out
150,Karn Sharma,RCB,3,7,2,0,2,1.50,5,60.0,0,0,0,0,2023,out
151,Arshdeep Singh,PBKS,2,14,2,2,2,-,2,100.0,0,0,0,0,2023,Not_out
152,Mitchell Santner,CSK,2,3,2,2,1,-,4,50.0,0,0,0,0,2023,Not_out
153,Swapnil Singh,LSG,2,2,1,1,2,-,4,50.0,0,0,0,0,2023,Not_out
154,Wayne Parnell,RCB,2,7,1,0,2,2.00,5,40.0,0,0,0,0,2023,out
155,Sandeep Sharma,RR,2,12,2,2,2,-,6,33.33,0,0,0,0,2023,Not_out
156,Mustafizur Rahman,DC,1,2,1,1,1,-,1,100.0,0,0,0,0,2023,Not_out
157,Ishant Sharma,DC,1,8,1,1,1,-,1,100.0,0,0,0,0,2023,Not_out
158,Abdul Basith,RR,1,1,1,1,1,-,1,100.0,0,0,0,0,2023,Not_out
159,Deepak Chahar,CSK,1,10,1,1,1,-,2,50.0,0,0,0,0,2023,Not_out
160,Mohit Rathee,PBKS,1,1,1,1,1,-,2,50.0,0,0,0,0,2023,Not_out
161,Josh Hazlewood,RCB,1,3,1,1,1,-,2,50.0,0,0,0,0,2023,Not_out
162,Mohammed Siraj,RCB,1,14,2,1,1,1.00,2,50.0,0,0,0,0,2023,Not_out
163,Yudhvir Singh,LSG,1,3,2,0,1,0.50,2,50.0,0,0,0,0,2023,out
164,Fazalhaq Farooqi,SRH,1,4,1,1,1,-,5,20.0,0,0,0,0,2023,Not_out
165,Nathan Ellis,PBKS,1,10,2,0,1,0.50,7,14.28,0,0,0,0,2023,out
166,Varun Chakaravarthy,KKR,1,14,2,1,1,1.00,9,11.11,0,0,0,0,2023,out
1,Virat Kohli,RCB,741,15,15,3,113,61.75,479,154.69,1,5,62,38,2024,Not_out
2,Ruturaj Gaikwad,CSK,583,14,14,3,108,53.00,413,141.16,1,4,58,18,2024,Not_out
3,Riyan Parag,RR,573,16,14,3,84,52.09,384,149.21,0,4,40,33,2024,Not_out
4,Travis Head,SRH,567,15,15,1,102,40.50,296,191.55,1,4,64,32,2024,out
5,Sanju Samson,RR,531,16,15,4,86,48.27,346,153.46,0,5,48,24,2024,out
6,Sai Sudharsan,GT,527,12,12,1,103,47.91,373,141.28,1,2,48,16,2024,out
7,K L Rahul,LSG,520,14,14,0,82,37.14,382,136.12,0,4,45,19,2024,out
8,Nicholas Pooran,LSG,499,14,14,6,75,62.38,280,178.21,0,3,35,36,2024,out
9,Sunil Narine,KKR,488,15,14,0,109,34.86,270,180.74,1,3,50,33,2024,out
10,Abhishek Sharma,SRH,484,16,16,1,75,32.27,237,204.21,0,3,36,42,2024,Not_out
11,Heinrich Klaasen,SRH,479,16,15,3,80,39.92,280,171.07,0,4,19,38,2024,Not_out
12,Rishabh Pant,DC,446,13,13,2,88,40.55,287,155.4,0,3,36,25,2024,Not_out
13,Faf Du Plessis,RCB,438,15,15,0,64,29.20,271,161.62,0,4,47,21,2024,out
14,Phil Salt,KKR,435,12,12,1,89,39.55,239,182.0,0,4,50,24,2024,Not_out
15,Yashasvi Jaiswal,RR,435,16,15,1,104,31.07,279,155.91,1,1,54,16,2024,Not_out
16,Shubman Gill,GT,426,12,12,1,104,38.73,289,147.4,1,2,37,15,2024,out
17,Rohit Sharma,MI,417,14,14,1,105,32.08,278,150.0,1,1,45,23,2024,Not_out
18,Tilak Varma,MI,416,13,13,3,65,41.60,278,149.64,0,3,35,19,2024,out
19,Shivam Dube,CSK,396,14,14,3,66,36.00,244,162.29,0,3,28,28,2024,Not_out
20,Rajat Patidar,RCB,395,15,13,0,55,30.38,223,177.13,0,5,21,33,2024,out
21,Marcus Stoinis,LSG,388,14,14,2,124,32.33,263,147.52,1,2,39,16,2024,Not_out
22,Tristan Stubbs,DC,378,14,13,6,71,54.00,198,190.9,0,3,24,26,2024,Not_out
23,Venkatesh Iyer,KKR,370,15,13,5,70,46.25,233,158.79,0,4,35,19,2024,out
24,Jos Buttler,RR,359,11,11,2,107,39.89,255,140.78,2,0,36,12,2024,Not_out
25,Shashank Singh,PBKS,354,14,14,6,68,44.25,215,164.65,0,2,28,21,2024,Not_out
26,Shreyas Iyer,KKR,351,15,14,5,58,39.00,239,146.86,0,2,34,14,2024,Not_out
27,Suryakumar Yadav,MI,345,11,11,1,102,34.50,206,167.47,1,3,36,18,2024,Not_out
28,Prabhsimran Singh,PBKS,334,14,14,0,71,23.86,213,156.8,0,2,34,20,2024,out
29,Jake Fraser - McGurk,DC,330,9,9,0,84,36.67,141,234.04,0,4,32,28,2024,out
30,Abishek Porel,DC,327,14,12,2,65,32.70,205,159.51,0,2,36,13,2024,out
31,Dinesh Karthik,RCB,326,15,13,4,83,36.22,174,187.35,0,2,27,22,2024,out
32,Ishan Kishan,MI,320,14,14,0,69,22.86,215,148.83,0,1,35,16,2024,out
33,Daryl Mitchell,CSK,318,13,13,2,63,28.91,223,142.6,0,2,27,10,2024,out
34,Nitish Kumar Reddy,SRH,303,13,11,2,76,33.67,212,142.92,0,2,15,21,2024,Not_out
35,Jonny Bairstow,PBKS,298,11,11,1,108,29.80,195,152.82,1,0,33,14,2024,Not_out
36,Sam Curran,PBKS,270,13,12,2,63,27.00,219,123.28,0,2,24,6,2024,Not_out
37,Ravindra Jadeja,CSK,267,14,11,5,57,44.50,187,142.78,0,1,22,8,2024,Not_out
38,Cameron Green,RCB,255,13,12,4,46,31.88,178,143.25,0,0,22,10,2024,out
39,Quinton De Kock,LSG,250,11,11,0,81,22.73,186,134.4,0,3,29,9,2024,out
40,Ajinkya Rahane,CSK,242,13,12,0,45,20.17,196,123.46,0,0,23,7,2024,out
41,Tim David,MI,241,13,11,3,45,30.13,152,158.55,0,0,14,15,2024,Not_out
42,Ayush Badoni,LSG,235,14,12,4,55,29.38,171,137.42,0,2,22,5,2024,Not_out
43,Axar Patel,DC,235,14,12,4,66,29.38,179,131.28,0,2,19,10,2024,out
44,Will Jacks,RCB,230,8,8,1,100,32.86,131,175.57,1,1,16,18,2024,Not_out
45,Andre Russell,KKR,222,15,9,2,64,31.71,120,185.0,0,1,20,16,2024,Not_out
46,Rachin Ravindra,CSK,222,10,10,0,61,22.20,138,160.86,0,1,22,12,2024,out
47,Aiden Markram,SRH,220,11,11,2,50,24.44,177,124.29,0,1,18,4,2024,out
48,Hardik Pandya,MI,216,14,13,1,46,18.00,151,143.04,0,0,17,11,2024,out
49,Shahbaz Ahmed,SRH,215,16,12,3,59,23.89,166,129.51,0,1,7,13,2024,Not_out
50,Rilee Rossouw,PBKS,211,8,8,0,61,26.38,116,181.89,0,1,25,11,2024,out
51,David Miller,GT,210,9,9,3,55,35.00,139,151.07,0,1,20,8,2024,out
52,Prithvi Shaw,DC,198,8,8,0,66,24.75,121,163.63,0,1,30,5,2024,out
53,Dhruv Jurel,RR,195,15,11,3,56,24.38,141,138.29,0,2,18,7,2024,Not_out
54,Ashutosh Sharma,PBKS,189,11,9,2,61,27.00,113,167.25,0,1,10,15,2024,out
55,Rahul Tewatia,GT,188,12,9,2,36,26.86,129,145.73,0,0,24,5,2024,Not_out
56,Jitesh Sharma,PBKS,187,14,12,1,32,17.00,142,131.69,0,0,9,12,2024,Not_out
57,Shai Hope,DC,183,9,9,1,41,22.88,122,150.0,0,0,12,12,2024,out
58,Abdul Samad,SRH,182,16,12,2,37,18.20,108,168.51,0,0,15,11,2024,Not_out
59,Rinku Singh,KKR,168,15,11,2,26,18.67,113,148.67,0,0,13,8,2024,out
60,David Warner,DC,168,8,8,0,52,21.00,125,134.4,0,1,17,10,2024,out
61,Rahul Tripathi,SRH,165,6,6,0,55,27.50,115,143.47,0,1,18,6,2024,out
62,Angkrish Raghuvanshi,KKR,163,10,7,0,54,23.29,105,155.23,0,1,16,8,2024,out
63,MS Dhoni,CSK,161,14,11,8,37,53.67,73,220.54,0,0,14,13,2024,Not_out
64,Shikhar Dhawan,PBKS,152,5,5,0,70,30.40,121,125.61,0,1,18,4,2024,out
65,Deepak Hooda,LSG,145,11,9,1,50,18.13,105,138.09,0,1,16,3,2024,out
66,Naman Dhir,MI,140,7,7,1,62,23.33,79,177.21,0,1,12,10,2024,Not_out
67,Pat Cummins,SRH,136,16,10,4,35,22.67,95,143.15,0,0,9,8,2024,Not_out
68,Wriddhiman Saha,GT,136,9,9,0,39,15.11,115,118.26,0,0,18,3,2024,out
69,Krunal Pandya,LSG,133,14,12,8,43,33.25,105,126.66,0,0,8,5,2024,Not_out
70,Moeen Ali,CSK,128,8,5,0,56,25.60,98,130.61,0,1,7,8,2024,out
71,Shahrukh Khan,GT,127,7,7,0,58,18.14,75,169.33,0,1,9,9,2024,out
72,Ramandeep Singh,KKR,125,15,9,5,35,31.25,62,201.61,0,0,5,12,2024,out
73,Mahipal Lomror,RCB,125,10,10,2,33,15.63,68,183.82,0,0,9,9,2024,out
74,Shimron Hetmyer,RR,113,12,9,4,27,22.60,69,163.76,0,0,9,7,2024,Not_out
75,Liam Livingstone,PBKS,111,7,7,2,38,22.20,78,142.3,0,0,8,7,2024,Not_out
76,Nehal Wadhera,MI,109,6,6,0,49,18.17,84,129.76,0,0,9,6,2024,out
77,Rovman Powell,RR,103,10,7,1,27,17.17,68,151.47,0,0,10,6,2024,out
78,Rashid Khan,GT,102,12,8,3,31,20.40,71,143.66,0,0,11,3,2024,out
79,Anuj Rawat,RCB,98,5,5,1,48,24.50,77,127.27,0,0,10,3,2024,out
80,Ravichandran Ashwin,RR,86,15,9,3,29,14.33,74,116.21,0,0,5,4,2024,out
81,Arshad Khan,LSG,83,4,4,2,58,41.50,54,153.7,0,1,6,5,2024,Not_out
82,Vijay Shankar,GT,83,7,7,2,17,16.60,72,115.27,0,0,7,2,2024,out
83,Harpreet Brar,PBKS,75,13,7,5,29,37.50,54,138.88,0,0,8,2,2024,out
84,Dewald Brevis,MI,69,3,3,0,46,23.00,59,116.94,0,0,3,5,2024,out
85,Mayank Agarwal,SRH,64,4,4,0,32,16.00,57,112.28,0,0,8,1,2024,out
86,Rahmanullah Gurbaz,KKR,62,3,2,0,39,31.00,46,134.78,0,0,7,4,2024,out
87,Mitchell Marsh,DC,61,4,4,0,23,15.25,38,160.52,0,0,9,3,2024,out
88,Atharva Taide,PBKS,61,2,2,0,46,30.50,39,156.41,0,0,7,2,2024,out
89,Romario Shepherd,MI,57,6,5,3,39,28.50,21,271.42,0,0,5,5,2024,Not_out
90,Glenn Maxwell,RCB,52,10,9,0,28,5.78,43,120.93,0,0,6,2,2024,out
91,Sameer Rizwi,CSK,51,8,5,1,21,12.75,43,118.6,0,0,4,2,2024,out
92,Tom Kohler- Cadmore,RR,48,4,3,0,20,16.00,54,88.88,0,0,7,1,2024,out
93,Kuldeep Yadav,DC,47,11,5,2,35,15.67,41,114.63,0,0,6,1,2024,Not_out
94,Sikandar Raza,PBKS,43,2,2,0,28,21.50,38,113.15,0,0,2,2,2024,out
95,Manish Pandey,KKR,42,1,1,0,42,42.00,31,135.48,0,0,2,2,2024,out
96,Azmatullah Omarzai,GT,42,7,4,0,17,10.50,33,127.27,0,0,2,2,2024,out
97,Nitish Rana,KKR,42,2,2,0,33,21.00,34,123.52,0,0,5,1,2024,out
98,Devdutt Padikkal,LSG,38,7,7,0,13,5.43,53,71.69,0,0,3,0,2024,out
99,Swapnil Singh,RCB,37,7,5,3,15,18.50,21,176.19,0,0,3,3,2024,Not_out
100,Mohammad Nabi,MI,35,7,5,1,23,8.75,31,112.9,0,0,2,2,2024,out
101,Shubham Dubey,RR,33,4,3,1,25,16.50,19,173.68,0,0,3,2,2024,out
102,Karn Sharma,RCB,31,9,3,0,20,10.33,15,206.66,0,0,2,3,2024,out
103,Rasikh Salam,DC,28,8,4,0,10,7.00,30,93.33,0,0,4,0,2024,out
104,Kane Williamson,GT,27,2,2,0,26,13.50,27,100.0,0,0,4,0,2024,out
105,Harpreet Bhatia,PBKS,27,2,2,0,14,13.50,34,79.41,0,0,2,0,2024,out
106,Suyash S Prabhudessai,RCB,24,1,1,0,24,24.00,18,133.33,0,0,3,0,2024,out
107,Jaydev Unadkat,SRH,24,11,5,2,8,8.00,26,92.3,0,0,2,1,2024,Not_out
108,Tanush Kotian,RR,24,1,1,0,24,24.00,31,77.41,0,0,3,0,2024,out
109,Bhuvneshwar Kumar,SRH,23,16,5,2,13,7.67,29,79.31,0,0,3,0,2024,out
110,Yudhvir Singh,LSG,21,2,2,0,14,10.50,14,150.0,0,0,1,2,2024,out
111,Rahul Chahar,PBKS,21,9,2,1,16,21.00,15,140.0,0,0,3,1,2024,out
112,Shardul Thakur,CSK,21,9,3,2,17,21.00,17,123.52,0,0,2,1,2024,out
113,Ashton Turner,LSG,21,2,2,0,16,10.50,18,116.66,0,0,0,2,2024,out
114,Kagiso Rabada,PBKS,20,11,3,2,11,20.00,14,142.85,0,0,0,2,2024,Not_out
115,Gulbadin Naib,DC,19,2,1,0,19,19.00,15,126.66,0,0,1,1,2024,out
116,Marco Jansen,SRH,18,3,2,1,17,18.00,13,138.46,0,0,1,1,2024,out
117,Saurav Chauhan,RCB,18,3,3,0,9,6.00,15,120.0,0,0,1,1,2024,out
118,Sumit Kumar,DC,18,4,3,1,9,9.00,24,75.0,0,0,2,1,2024,Not_out
119,Piyush Chawla,MI,15,11,6,2,10,3.75,15,100.0,0,0,1,1,2024,out
120,Sanvir Singh,SRH,14,4,3,2,8,14.00,12,116.66,0,0,1,0,2024,Not_out
121,Trent Boult,RR,14,16,5,3,12,7.00,16,87.5,0,0,2,0,2024,out
122,Mitchell Santner,CSK,14,3,3,0,11,4.67,17,82.35,0,0,1,0,2024,out
123,Gerald Coetzee,MI,14,10,5,1,8,3.50,22,63.63,0,0,0,1,2024,out
124,Sai Kishore,GT,13,5,2,1,13,13.00,6,216.66,0,0,0,2,2024,out
125,Harshal Patel,PBKS,13,14,4,1,12,4.33,19,68.42,0,0,1,1,2024,out
126,Mohammed Siraj,RCB,12,14,3,1,12,6.00,8,150.0,0,0,0,2,2024,out
127,Darshan Nalkande,GT,12,3,1,0,12,12.00,11,109.09,0,0,0,1,2024,out
128,Jasprit Bumrah,MI,12,13,4,4,8,-,12,100.0,0,0,1,0,2024,Not_out
129,Umesh Yadav,GT,12,7,2,1,10,12.00,15,80.0,0,0,0,1,2024,Not_out
130,Avesh Khan,RR,10,16,3,3,7,-,5,200.0,0,0,1,0,2024,Not_out
131,Lalit Yadav,DC,10,2,2,0,7,5.00,12,83.33,0,0,1,0,2024,out
132,Luke Wood,MI,9,2,1,1,9,-,3,300.0,0,0,0,1,2024,Not_out
133,Arshin Atul Kulkarni,LSG,9,2,2,0,9,4.50,8,112.5,0,0,2,0,2024,out
134,Mitchell Starc,KKR,9,14,5,3,6,4.50,11,81.81,0,0,1,0,2024,Not_out
135,Abhinav Manohar,GT,9,2,2,0,8,4.50,16,56.25,0,0,1,0,2024,out
136,Donovan Ferreira,RR,8,2,2,0,7,4.00,11,72.72,0,0,0,0,2024,out
137,Vijayakanth Viyaskanth,SRH,7,3,1,1,7,-,5,140.0,0,0,0,0,2024,Not_out
138,Spencer Johnson,GT,6,5,3,3,5,-,7,85.71,0,0,1,0,2024,Not_out
139,Anmolpreet Singh,SRH,5,2,2,0,5,2.50,6,83.33,0,0,1,0,2024,out
140,Noor Ahmad,GT,5,10,4,2,4,2.50,9,55.55,0,0,1,0,2024,out
141,Arshdeep Singh,PBKS,4,14,1,0,4,4.00,3,133.33,0,0,1,0,2024,out
142,Akash Madhwal,MI,4,5,1,1,4,-,5,80.0,0,0,0,0,2024,Not_out
143,Matthew Wade,GT,4,2,1,0,4,4.00,6,66.66,0,0,0,0,2024,out
144,Ravi Bishnoi,LSG,4,14,3,0,2,1.33,6,66.66,0,0,0,0,2024,out
145,Anrich Nortje,DC,4,6,2,0,4,2.00,8,50.0,0,0,0,0,2024,out
146,Mohit Sharma,GT,4,12,3,1,4,2.00,15,26.66,0,0,0,0,2024,out
147,Anukul Roy,KKR,3,4,1,1,3,-,3,100.0,0,0,0,0,2024,Not_out
148,Reece Topley,RCB,3,4,1,1,3,-,6,50.0,0,0,0,0,2024,Not_out
149,Kumar Kushagra,DC,3,4,3,0,2,1.00,7,42.85,0,0,0,0,2024,out
150,Mukesh Kumar,DC,3,10,2,1,3,3.00,9,33.33,0,0,0,0,2024,out
151,Ricky Bhui,DC,3,2,2,0,3,1.50,9,33.33,0,0,0,0,2024,out
152,Mohsin Khan,LSG,2,9,1,0,2,2.00,1,200.0,0,0,0,0,2024,out
153,Richard Gleeson,CSK,2,2,1,1,2,-,2,100.0,0,0,0,0,2024,Not_out
154,Jhye Richardson,DC,2,1,1,0,2,2.00,2,100.0,0,0,0,0,2024,out
155,Anshul Kamboj,MI,2,3,1,1,2,-,2,100.0,0,0,0,0,2024,Not_out
156,Akash Deep,RCB,2,1,1,1,2,-,2,100.0,0,0,0,0,2024,Not_out
157,Shivam Singh,PBKS,2,1,1,1,2,-,3,66.66,0,0,0,0,2024,Not_out
158,Naveen-Ul-Haq,LSG,2,10,3,3,2,-,4,50.0,0,0,0,0,2024,Not_out
159,B R Sharath,GT,2,1,1,0,2,2.00,5,40.0,0,0,0,0,2024,out
160,Vaibhav Arora,KKR,1,10,2,2,1,-,1,100.0,0,0,0,0,2024,Not_out
161,Shams Mulani,MI,1,2,1,1,1,-,1,100.0,0,0,0,0,2024,Not_out
162,Lockie Ferguson,RCB,1,7,1,0,1,1.00,1,100.0,0,0,0,0,2024,out
163,Lizaad Williams,DC,1,2,1,1,1,-,2,50.0,0,0,0,0,2024,Not_out
164,Keshav Maharaj,RR,1,2,1,0,1,1.00,2,50.0,0,0,0,0,2024,out
165,Manav Suthar,GT,1,1,1,0,1,1.00,2,50.0,0,0,0,0,2024,out
166,Vyshak Vijaykumar,RCB,1,4,2,1,1,1.00,3,33.33,0,0,0,0,2024,Not_out
167,Ishant Sharma,DC,1,9,2,2,1,-,7,14.28,0,0,0,0,2024,Not_out
1,Nicholas Pooran,LSG,145,2,2,0,75,72.50,56,258.92,0,2,12,13,2025,out
2,Sai Sudharsan,GT,137,2,2,0,74,68.50,82,167.07,0,2,9,8,2025,out
3,Travis Head,SRH,136,3,3,0,67,45.33,71,191.54,0,1,18,6,2025,out
4,Mitchell Marsh,LSG,124,2,2,0,72,62.00,67,185.07,0,2,13,8,2025,out
5,Aniket Verma,SRH,117,3,3,0,74,39.00,57,205.26,0,1,5,12,2025,out
6,Ruturaj Gaikwad,CSK,116,3,3,0,63,38.67,74,156.75,0,2,13,4,2025,out
7,Ishan Kishan,SRH,108,3,3,1,106,54.00,53,203.77,1,0,11,6,2025,Not_out
8,Dhruv Jurel,RR,106,3,3,0,70,35.33,70,151.42,0,1,10,6,2025,out
9,Rachin Ravindra,CSK,106,3,3,1,65,53.00,80,132.5,0,1,7,4,2025,Not_out
10,Quinton De Kock,KKR,101,2,2,1,97,101.00,66,153.03,0,1,9,6,2025,Not_out
11,Nitish Rana,RR,100,3,3,0,81,33.33,53,188.67,0,1,12,5,2025,out
12,Sanju Samson,RR,99,3,3,0,66,33.00,64,154.68,0,1,10,5,2025,out
13,Shreyas Iyer,PBKS,97,1,1,1,97,-,42,230.95,0,1,5,9,2025,Not_out
14,Jos Buttler,GT,93,2,2,0,54,46.50,57,163.15,0,1,9,3,2025,out
15,Heinrich Klaasen,SRH,92,3,3,0,34,30.67,50,184.0,0,0,9,4,2025,out
16,Virat Kohli,RCB,90,2,2,1,59,90.00,66,136.36,0,1,6,4,2025,Not_out
17,Phil Salt,RCB,88,2,2,0,56,44.00,47,187.23,0,1,14,3,2025,out
18,Rajat Patidar,RCB,85,2,2,0,51,42.50,48,177.08,0,1,9,4,2025,out
19,Faf Du Plessis,DC,79,2,2,0,50,39.50,45,175.55,0,1,6,5,2025,out
20,Surya Kumar Yadav,MI,77,2,2,0,48,38.50,54,142.59,0,0,3,5,2025,out
21,Ajinkya Rahane,KKR,74,2,2,0,56,37.00,46,160.86,0,1,7,5,2025,out
22,Ravindra Jadeja,CSK,74,3,3,1,32,37.00,59,125.42,0,0,5,2,2025,Not_out
23,Shubman Gill,GT,71,2,2,0,38,35.50,41,173.17,0,0,6,4,2025,out
24,N Tilak Varma,MI,70,2,2,0,39,35.00,61,114.75,0,0,5,3,2025,out
25,Shimron Hetmyer,RR,68,3,3,0,42,22.67,47,144.68,0,0,3,5,2025,out
26,Ashutosh Sharma,DC,66,1,1,1,66,-,31,212.9,0,1,5,5,2025,Not_out
27,Riyan Parag,RR,66,3,3,0,37,22.00,45,146.66,0,0,3,5,2025,out
28,Sherfane Rutherford,GT,64,2,2,0,46,32.00,39,164.1,0,0,4,5,2025,out
29,Nitish Kumar Reddy,SRH,62,3,3,0,32,20.67,45,137.77,0,0,6,1,2025,out
30,Tristan Stubbs,DC,55,2,2,1,34,55.00,36,152.77,0,0,4,3,2025,out
31,Angkrish Raghuvanshi,KKR,52,2,2,1,30,52.00,39,133.33,0,0,4,1,2025,out
32,Priyansh Arya,PBKS,47,1,1,0,47,47.00,23,204.34,0,0,7,2,2025,out
33,MS Dhoni,CSK,46,3,3,2,30,46.00,29,158.62,0,0,4,3,2025,Not_out
34,Shivam Dube,CSK,46,3,3,0,19,15.33,32,143.75,0,0,3,4,2025,out
35,Shashank Singh,PBKS,44,1,1,1,44,-,16,275.0,0,0,6,2,2025,Not_out
36,Sunil Narine,KKR,44,1,1,0,44,44.00,26,169.23,0,0,5,3,2025,out
37,Shubham Dubey,RR,43,2,2,1,34,43.00,23,186.95,0,0,2,4,2025,Not_out
38,David Miller,LSG,40,2,2,2,27,-,26,153.84,0,0,3,2,2025,Not_out
39,Vipraj Nigam,DC,39,2,1,0,39,39.00,15,260.0,0,0,5,2,2025,out
40,Jake Fraser - McGurk,DC,39,2,2,0,38,19.50,34,114.7,0,0,4,2,2025,out
41,Devdutt Padikkal,RCB,37,2,2,0,27,18.50,24,154.16,0,0,3,2,2025,out
42,Naman Dhir,MI,35,2,2,1,18,35.00,23,152.17,0,0,4,0,2025,Not_out
43,Abishek Porel,DC,34,2,2,1,34,34.00,20,170.0,0,0,2,2,2025,Not_out
44,Yashasvi Jaiswal,RR,34,3,3,0,29,11.33,32,106.25,0,0,3,2,2025,out
45,Abhishek Sharma,SRH,31,3,3,0,24,10.33,18,172.22,0,0,6,0,2025,out
46,Rahul Tripathi,CSK,30,3,3,0,23,10.00,25,120.0,0,0,4,1,2025,out
47,Mitchell Santner,MI,29,2,2,1,18,29.00,22,131.81,0,0,2,2,2025,Not_out
48,Deepak Chahar,MI,28,2,1,1,28,-,15,186.66,0,0,2,2,2025,Not_out
49,Liam Livingstone,RCB,25,2,2,1,15,25.00,14,178.57,0,0,2,2,2025,Not_out
50,Tim David,RCB,22,2,1,1,22,-,8,275.0,0,0,1,3,2025,Not_out
51,Abdul Samad,LSG,22,1,1,1,22,-,8,275.0,0,0,2,2,2025,Not_out
52,Axar Patel,DC,22,2,1,0,22,22.00,11,200.0,0,0,3,1,2025,out
53,Pat Cummins,SRH,20,3,3,1,18,10.00,12,166.66,0,0,0,3,2025,out
54,Marcus Stoinis,PBKS,20,1,1,0,20,20.00,15,133.33,0,0,1,2,2025,out
55,Ryan Rickelton,MI,19,2,2,0,13,9.50,16,118.75,0,0,4,0,2025,out
56,Jofra Archer,RR,17,3,3,1,16,8.50,10,170.0,0,0,0,2,2025,out
57,Harshal Patel,SRH,17,3,2,1,12,17.00,20,85.0,0,0,0,0,2025,Not_out
58,Azmatullah Omarzai,PBKS,16,1,1,0,16,16.00,15,106.66,0,0,2,1,2025,out
59,Aiden Markram,LSG,16,2,2,0,15,8.00,17,94.11,0,0,1,1,2025,out
60,K L Rahul,DC,15,1,1,0,15,15.00,5,300.0,0,0,2,1,2025,out
61,Shahrukh Khan,GT,15,2,2,1,9,15.00,8,187.5,0,0,0,2,2025,out
62,Rishabh Pant,LSG,15,2,2,0,15,7.50,21,71.42,0,0,0,1,2025,out
63,Jitesh Sharma,RCB,12,2,1,0,12,12.00,6,200.0,0,0,1,1,2025,out
64,Rinku Singh,KKR,12,2,1,0,12,12.00,10,120.0,0,0,1,0,2025,out
65,Sam Curran,CSK,12,2,2,0,8,6.00,22,54.54,0,0,0,0,2025,out
66,Jamie Overton,CSK,11,1,1,1,11,-,4,275.0,0,0,0,1,2025,Not_out
67,Will Jacks,MI,11,1,1,0,11,11.00,7,157.14,0,0,2,0,2025,out
68,Ravichandran Ashwin,CSK,11,3,1,0,11,11.00,8,137.5,0,0,1,0,2025,out
69,Hardik Pandya,MI,11,1,1,0,11,11.00,17,64.7,0,0,1,0,2025,out
70,Ayush Badoni,LSG,10,2,2,0,6,5.00,11,90.9,0,0,1,0,2025,out
71,Vijay Shankar,CSK,9,1,1,0,9,9.00,6,150.0,0,0,0,1,2025,out
72,Shahbaz Ahmed,LSG,9,1,1,0,9,9.00,8,112.5,0,0,1,0,2025,out
73,Wiaan Mulder,SRH,9,1,1,0,9,9.00,11,81.81,0,0,1,0,2025,out
74,Rohit Sharma,MI,8,2,2,0,8,4.00,8,100.0,0,0,2,0,2025,out
75,Wanindu Hasaranga,RR,8,2,2,0,4,4.00,9,88.88,0,0,0,0,2025,out
76,Kagiso Rabada,GT,7,2,1,1,7,-,5,140.0,0,0,0,1,2025,Not_out
77,Deepak Hooda,CSK,7,2,2,0,4,3.50,14,50.0,0,0,1,0,2025,out
78,Rahul Tewatia,GT,6,2,2,0,6,3.00,2,300.0,0,0,0,1,2025,out
79,Rashid Khan,GT,6,2,1,0,6,6.00,4,150.0,0,0,0,1,2025,out
80,Venkatesh Iyer,KKR,6,2,1,0,6,6.00,7,85.71,0,0,1,0,2025,out
81,Ramandeep Singh,KKR,6,2,1,1,6,-,9,66.66,0,0,0,0,2025,Not_out
82,Abhinav Manohar,SRH,6,3,3,0,4,2.00,13,46.15,0,0,0,0,2025,out
83,Robin Minz,MI,6,2,2,0,3,3.00,15,40.0,0,0,0,0,2025,out
84,Kuldeep Yadav,DC,5,2,1,0,5,5.00,5,100.0,0,0,1,0,2025,out
85,Harshit Rana,KKR,5,2,1,0,5,5.00,6,83.33,0,0,1,0,2025,out
86,Prabhsimran Singh,PBKS,5,1,1,0,5,5.00,8,62.5,0,0,1,0,2025,out
87,Moeen Ali,KKR,5,1,1,0,5,5.00,12,41.66,0,0,0,0,2025,out
88,Andre Russell,KKR,4,2,1,0,4,4.00,3,133.33,0,0,1,0,2025,out
89,Sameer Rizvi,DC,4,1,1,0,4,4.00,4,100.0,0,0,1,0,2025,out
90,Tushar Deshpande,RR,3,3,2,2,2,-,3,100.0,0,0,0,0,2025,Not_out
91,Simarjeet Singh,SRH,3,2,1,1,3,-,4,75.0,0,0,0,0,2025,Not_out
92,Maheesh Theekshana,RR,3,3,2,2,2,-,5,60.0,0,0,0,0,2025,Not_out
93,Mohammad Shami,SRH,2,3,2,1,1,2.00,4,50.0,0,0,0,0,2025,Not_out
94,Mitchell Starc,DC,2,2,1,0,2,2.00,5,40.0,0,0,0,0,2025,out
95,Spencer Johnson,KKR,1,2,1,1,1,-,1,100.0,0,0,0,0,2025,Not_out
96,V Satyanarayana Penmetsa,MI,1,2,1,1,1,-,1,100.0,0,0,0,0,2025,Not_out
97,Kumar Kartikeya Singh,RR,1,1,1,0,1,1.00,1,100.0,0,0,0,0,2025,out
98,Sai Kishore,GT,1,2,1,0,1,1.00,1,100.0,0,0,0,0,2025,out
99,Mohd Arshad Khan,GT,1,1,1,1,1,-,1,100.0,0,0,0,0,2025,Not_out
100,Mohit Sharma,DC,1,2,1,1,1,-,2,50.0,0,0,0,0,2025,Not_out
101,Trent Boult,MI,1,2,1,0,1,1.00,2,50.0,0,0,0,0,2025,out
